Workbook

Sheet Quater 3 Contest Batches 
A1: Batch name | B1: Attempt 1 Test Id | C1: Start Date & Time: | D1: End Date & Time | E1: Attempt 2 Test id | F1: Start Date & Time: | G1: End Date & Time | H1: Attempt 3 test ID | I1: Start Date & Time: | J1: End Date & Time | K1: Attempt 4 Test id | L1: Start Date & Time: | M1: End Date & Time
A2: Introduction to Programming (Beginner) 1-Contests Q3 | C2: 9 Sep 2024, Mon, 7:00 am | D2: 23 Sep 2024, Mon, 8:30 am | F2: 23 Sep 2024, Mon, 12:00 am | G2: 7 Oct 2024, Mon, 12:00 am | I2: 7 Oct 2024, Mon, 12:00 am | J2: 21 Oct 2024, Mon, 12:00 am | L2: 45586 | M2: 45647
A3: Introduction to Programming (Beginner) 2-Contests Q3 | C3: 9 Sep 2024, Mon, 7:00 am | D3: 23 Sep 2024, Mon, 8:30 am | F3: 23 Sep 2024, Mon, 12:00 am | G3: 7 Oct 2024, Mon, 12:00 am | I3: 7 Oct 2024, Mon, 12:00 am | J3: 21 Oct 2024, Mon, 12:00 am | L3: 45586 | M3: 45647
A4: Introduction to Problem Solving (Intermediate) 1-Contests Q3 | C4: 9 Sep 2024, Mon, 7:00 am | D4: 23 Sep 2024, Mon, 8:30 am | F4: 23 Sep 2024, Mon, 12:00 am | G4: 7 Oct 2024, Mon, 12:00 am | I4: 7 Oct 2024, Mon, 12:00 am | J4: 21 Oct 2024, Mon, 12:00 am | L4: 45586 | M4: 45647
A5: Introduction to Problem Solving (Intermediate) 2-Contests Q3 | C5: 9 Sep 2024, Mon, 7:00 am | D5: 23 Sep 2024, Mon, 8:30 am | F5: 23 Sep 2024, Mon, 12:00 am | G5: 7 Oct 2024, Mon, 12:00 am | I5: 7 Oct 2024, Mon, 12:00 am | J5: 21 Oct 2024, Mon, 12:00 am | L5: 45586 | M5: 45647
A6: Advanced DSA 1-Contests Q3 | C6: 9 Sep 2024, Mon, 7:00 am | D6: 23 Sep 2024, Mon, 8:30 am | F6: 23 Sep 2024, Mon, 12:00 am | G6: 7 Oct 2024, Mon, 12:00 am | I6: 7 Oct 2024, Mon, 12:00 am | J6: 21 Oct 2024, Mon, 12:00 am | L6: 45586 | M6: 45647
A7: Advanced DSA 2-Contests Q3 | C7: 9 Sep 2024, Mon, 7:00 am | D7: 23 Sep 2024, Mon, 8:30 am | F7: 23 Sep 2024, Mon, 12:00 am | G7: 7 Oct 2024, Mon, 12:00 am | I7: 7 Oct 2024, Mon, 12:00 am | J7: 21 Oct 2024, Mon, 12:00 am | L7: 45586 | M7: 45647
A8: Advanced DSA 3-Contests Q3 | C8: 9 Sep 2024, Mon, 7:00 am | D8: 23 Sep 2024, Mon, 8:30 am | F8: 23 Sep 2024, Mon, 12:00 am | G8: 7 Oct 2024, Mon, 12:00 am | I8: 7 Oct 2024, Mon, 12:00 am | J8: 21 Oct 2024, Mon, 12:00 am | L8: 45586 | M8: 45647
A9: Advanced DSA 4-Contests Q3 | C9: 9 Sep 2024, Mon, 7:00 am | D9: 23 Sep 2024, Mon, 8:30 am | F9: 23 Sep 2024, Mon, 12:00 am | G9: 7 Oct 2024, Mon, 12:00 am | I9: 7 Oct 2024, Mon, 12:00 am | J9: 21 Oct 2024, Mon, 12:00 am | L9: 45586 | M9: 45647
A10: Data Structure Algorithms 1-Contests Q3 | C10: 9 Sep 2024, Mon, 7:00 am | D10: 23 Sep 2024, Mon, 8:30 am | F10: 23 Sep 2024, Mon, 12:00 am | G10: 7 Oct 2024, Mon, 12:00 am | I10: 7 Oct 2024, Mon, 12:00 am | J10: 21 Oct 2024, Mon, 12:00 am | L10: 45586 | M10: 45647
A11: Data Structure Algorithms 2-Contests Q3 | C11: 9 Sep 2024, Mon, 7:00 am | D11: 23 Sep 2024, Mon, 8:30 am | F11: 23 Sep 2024, Mon, 12:00 am | G11: 7 Oct 2024, Mon, 12:00 am | I11: 7 Oct 2024, Mon, 12:00 am | J11: 21 Oct 2024, Mon, 12:00 am | L11: 45586 | M11: 45647
A12: Data Structure Algorithms 3-Contests Q3 | C12: 9 Sep 2024, Mon, 7:00 am | D12: 23 Sep 2024, Mon, 8:30 am | F12: 23 Sep 2024, Mon, 12:00 am | G12: 7 Oct 2024, Mon, 12:00 am | I12: 7 Oct 2024, Mon, 12:00 am | J12: 21 Oct 2024, Mon, 12:00 am | L12: 45586 | M12: 45647
A13: Data Structure Algorithms 4-Contests Q3 | C13: 9 Sep 2024, Mon, 7:00 am | D13: 23 Sep 2024, Mon, 8:30 am | F13: 23 Sep 2024, Mon, 12:00 am | G13: 7 Oct 2024, Mon, 12:00 am | I13: 7 Oct 2024, Mon, 12:00 am | J13: 21 Oct 2024, Mon, 12:00 am | L13: 45586 | M13: 45647
A14: Databases & SQL-Contests Q3 | C14: 9 Sep 2024, Mon, 7:00 am | D14: 23 Sep 2024, Mon, 8:30 am | F14: 23 Sep 2024, Mon, 12:00 am | G14: 7 Oct 2024, Mon, 12:00 am | I14: 7 Oct 2024, Mon, 12:00 am | J14: 45647
A15: Full-stack LLD and Development 1-Contests Q3 | C15: 9 Sep 2024, Mon, 7:00 am | D15: 23 Sep 2024, Mon, 8:30 am | F15: 23 Sep 2024, Mon, 12:00 am | G15: 7 Oct 2024, Mon, 12:00 am | I15: 7 Oct 2024, Mon, 12:00 am | J15: 45647
A16: Full-stack LLD and Development 2-Contests Q3 | C16: 9 Sep 2024, Mon, 7:00 am | D16: 23 Sep 2024, Mon, 8:30 am | F16: 23 Sep 2024, Mon, 12:00 am | G16: 7 Oct 2024, Mon, 12:00 am | I16: 7 Oct 2024, Mon, 12:00 am | J16: 45647
A17: Full-stack LLD and Development 3-Contests Q3 | C17: 9 Sep 2024, Mon, 7:00 am | D17: 23 Sep 2024, Mon, 8:30 am | F17: 23 Sep 2024, Mon, 12:00 am | G17: 7 Oct 2024, Mon, 12:00 am | I17: 7 Oct 2024, Mon, 12:00 am | J17: 45647
A18: Full-stack lld and development 4: Contests Q3 | C18: 9 Sep 2024, Mon, 7:00 am | D18: 23 Sep 2024, Mon, 8:30 am | F18: 23 Sep 2024, Mon, 12:00 am | G18: 7 Oct 2024, Mon, 12:00 am | I18: 7 Oct 2024, Mon, 12:00 am | J18: 45647
A19: Full stack capstone project Contests Q3 | C19: 9 Sep 2024, Mon, 7:00 am | D19: 23 Sep 2024, Mon, 8:30 am | F19: 23 Sep 2024, Mon, 12:00 am | G19: 7 Oct 2024, Mon, 12:00 am | I19: 7 Oct 2024, Mon, 12:00 am | J19: 45647
A20: Backend LLD and Development 1-Contests Q3 | C20: 9 Sep 2024, Mon, 7:00 am | D20: 23 Sep 2024, Mon, 8:30 am | F20: 23 Sep 2024, Mon, 12:00 am | G20: 7 Oct 2024, Mon, 12:00 am | I20: 7 Oct 2024, Mon, 12:00 am | J20: 21 Oct 2024, Mon, 12:00 am | L20: 45586 | M20: 45647
A21: Backend LLD and Development 2-Contests Q3 | C21: 9 Sep 2024, Mon, 7:00 am | D21: 23 Sep 2024, Mon, 8:30 am | F21: 23 Sep 2024, Mon, 12:00 am | G21: 7 Oct 2024, Mon, 12:00 am | I21: 7 Oct 2024, Mon, 12:00 am | J21: 45647
A22: Backend LLD and Development 3-Contests Q3 | C22: 9 Sep 2024, Mon, 7:00 am | D22: 23 Sep 2024, Mon, 8:30 am | F22: 23 Sep 2024, Mon, 12:00 am | G22: 7 Oct 2024, Mon, 12:00 am | I22: 7 Oct 2024, Mon, 12:00 am | J22: 45647
A23: Backend lld and development 4: Contests Q3 | C23: 9 Sep 2024, Mon, 7:00 am | D23: 45605.292
A24: Backend Capstone Project: Contests Q3 | C24: 9 Sep 2024, Mon, 7:00 am | D24: 45605.292
A25: High Level Design-Contests Q3 | C25: 9 Sep 2024, Mon, 7:00 am | D25: 23 Sep 2024, Mon, 8:30 am | F25: 23 Sep 2024, Mon, 12:00 am | G25: 7 Oct 2024, Mon, 12:00 am | I25: 7 Oct 2024, Mon, 12:00 am | J25: 45647
A26: Product Management for Software Engineers-Contests Q3 | C26: 9 Sep 2024, Mon, 7:00 am | D26: 23 Sep 2024, Mon, 8:30 am | F26: 23 Sep 2024, Mon, 12:00 am | G26: 7 Oct 2024, Mon, 12:00 am | I26: 7 Oct 2024, Mon, 12:00 am | J26: 45647
A27: DSA for Competitive Programming-Contests Q3 | C27: 9 Sep 2024, Mon, 7:00 am | D27: 45605.292
A28: Data Engineering-Contests Q3 | C28: 9 Sep 2024, Mon, 7:00 am | D28: 23 Sep 2024, Mon, 8:30 am | F28: 23 Sep 2024, Mon, 12:00 am | G28: 7 Oct 2024, Mon, 12:00 am | I28: 7 Oct 2024, Mon, 12:00 am | J28: 45647
A29: LLD: Practical Software Engineering and Design-Contests Q3 | C29: 9 Sep 2024, Mon, 7:00 am | D29: 23 Sep 2024, Mon, 8:30 am | F29: 23 Sep 2024, Mon, 12:00 am | G29: 7 Oct 2024, Mon, 12:00 am | I29: 7 Oct 2024, Mon, 12:00 am | J29: 45647
A30: Front-end Development-Contests Q3 | C30: 9 Sep 2024, Mon, 7:00 am | D30: 45605.292
A31: Backend Development: Q4 Contest | B31: 45 days | C31: 9 Sep 2024, Mon, 7:00 am | D31: 45646.875
A32: LLD: Object Oriented Design and Analysis-Contests Q3 | C32: 9 Sep 2024, Mon, 7:00 am | D32: 23 Sep 2024, Mon, 8:30 am | F32: 23 Sep 2024, Mon, 12:00 am | G32: 7 Oct 2024, Mon, 12:00 am | I32: 7 Oct 2024, Mon, 12:00 am | J32: 45647
A33: Computer Systems and Fundamentals-Contests Q3 | C33: 9 Sep 2024, Mon, 7:00 am | D33: 23 Sep 2024, Mon, 8:30 am | F33: 23 Sep 2024, Mon, 12:00 am | G33: 7 Oct 2024, Mon, 12:00 am | I33: 7 Oct 2024, Mon, 12:00 am | J33: 21 Oct 2024, Mon, 12:00 am | L33: 45586 | M33: 45647
A34: Backend Development: Q4 Contest extended

Sheet Quater 4 Contest Batches 
A1: Batch names | B1: Start Date & Time: | C1: End Date & Time | D1: Attempt 2 Test id | E1: Start Date & Time: | F1: End Date & Time | G1: Attempt 3 test ID | H1: Start Date & Time: | I1: End Date & Time | J1: Attempt 4 Test id | K1: Start Date & Time: | L1: End Date & Time
A2: Advance Programming Concepts: NV Contest Q1 2026 | B2: 26 Mar 2026, Thu, 9:00 pm | C2: 25 May 2026, Mon, 9:00 pm | E2: 26 May 2026, Tue, 12:00 am | F2: 25 Jul 2026, Sat, 12:00 am | H2: 23 Sep 2026, Wed, 12:00 am | I2: 22 Nov 2026, Sun, 12:00 am | K2: 23 Nov 2026, Mon, 12:00 am | L2: 31 Dec 2026, Thu, 12:00 am
A3: Advance Software Engineering: NV Contest q3 | B3: 45831.875 | C3: 46161.875
A4: Advanced DSA 1: NV B1 Q1 2026 | B4: 20 Jan 2026, Tue, 9:00 pm | C4: 20 Feb 2026, Fri, 10:30 pm | E4: 20 Feb 2026, Fri, 10:30 pm | F4: 20 Mar 2026, Fri, 12:00 am | H4: 20 Mar 2026, Fri, 12:00 am | I4: 20 Apr 2026, Fri, 12:00 am | K4: 20 Apr 2026, Mon, 12:00 am | L4: 20 May 2026, Mon, 12:00 am
A5: Advanced DSA 2: NV B1 Q1 2026 | B5: 20 Jan 2026, Tue, 9:00 pm | C5: 20 Feb 2026, Fri, 10:30 pm | E5: 20 Feb 2026, Fri, 10:30 pm | F5: 20 Mar 2026, Fri, 12:00 am | H5: 20 Mar 2026, Fri, 12:00 am | I5: 20 Apr 2026, Fri, 12:00 am | K5: 20 Apr 2026, Mon, 12:00 am | L5: 20 May 2026, Mon, 12:00 am
A6: Advanced DSA 2: NV Contest June 2026 | B6: 25 May 2026, Mon, 9:00 pm | C6: 3 Jun 2026, Wed, 9:00 pm | E6: 3 Jun 2026, Wed, 12:00 am | F6: 13 Jun 2026, Sat, 12:00 am | H6: 13 Jun 2026, Sat, 12:00 am | I6: 23 Jun 2026, Tue, 12:00 am | K6: 23 Jun 2026, Tue, 12:00 am | L6: 30 Jun 2026, Tue, 12:00 am
A7: Advanced DSA 3: NV B1 Q1 2026 | B7: 20 Jan 2026, Tue, 9:00 pm | C7: 20 Feb 2026, Fri, 10:30 pm | E7: 20 Feb 2026, Fri, 10:30 pm | F7: 20 Mar 2026, Fri, 12:00 am | H7: 20 Mar 2026, Fri, 12:00 am | I7: 20 Apr 2026, Fri, 12:00 am
A8: Advanced DSA 3: NV Contest 2026 May | B8: 46147.875 | C8: 46207.875 | E8: 46208 | F8: 46268
A9: Advanced DSA 4: NV B1 Q1 2026 | B9: 20 Jan 2026, Tue, 9:00 pm | C9: 20 Feb 2026, Fri, 10:30 pm | E9: 20 Feb 2026, Fri, 10:30 pm | F9: 20 Mar 2026, Fri, 12:00 am | H9: 20 Mar 2026, Fri, 12:00 am | I9: 20 Apr 2026, Fri, 12:00 am | K9: 20 Apr 2026, Mon, 12:00 am | L9: 20 May 2026, Mon, 12:00 am
A10: Advanced DSA 4: NV Contest June 2026 | B10: 25 May 2026, Mon, 9:00 pm | C10: 3 Jun 2026, Wed, 9:00 pm | E10: 3 Jun 2026, Wed, 12:00 am | F10: 13 Jun 2026, Sat, 12:00 am | H10: 13 Jun 2026, Sat, 12:00 am | I10: 23 Jun 2026, Tue, 12:00 am | K10: 23 Jun 2026, Tue, 12:00 am | L10: 4 Jul 2026, Sat, 12:00 am
A11: Back-End Development : NV Contest 2026 April | B11: 20 Apr 2026, Mon, 9:00 pm | C11: 46177.875
A12: Back-End Development NV March 2026 Contest | B12: 46111.875 | C12: 46156.875
A13: Backend Capstone Project : NV Contest 2026 April | B13: 46132.875 | C13: 46177.875
A14: Backend Capstone Project: NV B1 Q2 2026 | B14: 46104.875 | C14: 46149.875
A15: Backend development B2 2026 | B15: 46104.875 | C15: 46149.875
A16: Backend LLD and Development 1: NV Contest 2026 Apr | B16: 20 Apr 2026, Mon, 5:00 pm | C16: 20 Apr 2026, Mon, 11:00 pm | E16: 21 Apr 2026, Tue, 12:00 am | F16: 28 Apr 2026, Tue, 12:00 am | H16: 28 Apr 2026, Tue, 12:00 am | I16: 5 May 2026, Tue, 12:00 am | K16: 46147 | L16: 46154
A17: Backend LLD and Development 1: NV Contest 2026 May | B17: 21 May 2026, Thu, 9:00 pm | C17: 21 May 2026, Thu, 11:00 pm | E17: 22 May 2026, Fri, 12:00 am | F17: 29 May 2026, Fri, 12:00 am | H17: 29 May 2026, Fri, 12:00 am | I17: 5 Jun 2026, Fri, 12:00 am | K17: 5 Jun 2026, Fri, 12:00 am | L17: 20 Jul 2026, Mon, 12:00 am
A18: Backend LLD and Development 1: NV Q4 2025 contest | B18: 5 Jan 2026, Mon, 9:00 pm | C18: 5 Feb 2026, Thu, 11:00 pm | E18: 5 Feb 2026, Thu, 11:00 pm | F18: 5 Mar 2026, Thu, 12:00 am | H18: 5 Mar 2026, Thu, 12:00 am | I18: 5 Apr 2026, Thu, 12:00 am | K18: 5 Apr 2026, Sun, 12:00 am | L18: 5 May 2026, Sun, 12:00 am
A19: Backend LLD and Development 2: NV B1 Q1 2026 | B19: 21 Jan 2026, Wed, 9:00 pm | C19: 22 Mar 2026, Sun, 9:00 pm | E19: 23 Mar 2026, Sun, 9:00 pm | F19: 22 May 2026, Fri, 12:00 am | H19: 23 May 2026, Fri, 12:00 am | I19: 22 Jun 2026, Mon, 12:00 am
A20: Backend LLD and Development 3: NV B1 Q1 2026 | B20: 21 Jan 2026, Wed, 9:00 pm | C20: 22 Mar 2026, Sun, 9:00 pm | E20: 23 Mar 2026, Sun, 9:00 pm | F20: 22 May 2026, Fri, 12:00 am | H20: 23 May 2026, Fri, 12:00 am | I20: 22 Jun 2026, Mon, 12:00 am
A21: Backend LLD and Development 3: NV Contest 2026 Apr | B21: 20 Apr 2026, Mon, 9:00 pm | C21: 27 Apr 2026, Mon, 9:00 pm | E21: 27 Apr 2026, Mon, 5:00 am | F21: 4 May 2026, Mon, 12:00 am | H21: 5 Nov 2026, Thu, 12:00 am | I21: 12 Nov 2026, Thu, 12:00 am
A22: Backend LLD and Development 4- NV Contests 2025 dec | B22: 45999.875 | C22: 46120.875
A23: Backend LLD and Development 4- NV Contests 2026 Apr | B23: 46127.875 | C23: 46172.875
A24: Backend LLD and Development 4- NV Contests 2026 May | B24: 46146.583 | C24: 46191.583
A25: Backend Project: NV Contest 2026 May | B25: 46148.875 | C25: 46193.875
A26: Backend Project: NV Contests | B26: 46071.708 | C26: 46116.708
A27: Basics of GenAI and AI agents: NV Contest 2026 May
A28: Computer Systems and Fundamentals: NV B1 Q1 2026 | B28: 21 Jan 2026, Wed, 9:00 pm | C28: 22 Mar 2026, Sun, 9:00 pm | E28: 23 Mar 2026, Sun, 9:00 pm | F28: 22 May 2026, Fri, 12:00 am | H28: 22 May 2026, Fri, 12:00 am | I28: 22 Jun 2026, Mon, 12:00 am | K28: 22 Jun 2026, Mon, 12:00 am | L28: 22 Jul 2026, Wed, 12:00 am
A29: Computer Systems and Fundamentals: NV Contest June 2026 | B29: 25 May 2026, Mon, 9:00 pm | C29: 3 Jun 2026, Wed, 9:00 pm | E29: 3 Jun 2026, Wed, 12:00 am | F29: 13 Jun 2026, Sat, 12:00 am | H29: 13 Jun 2026, Sat, 12:00 am | I29: 23 Jun 2026, Tue, 12:00 am | K29: 23 Jun 2026, Tue, 12:00 am | L29: 4 Jul 2026, Sat, 12:00 am
A30: Data Engineering: NV B1 Q1 2026 | B30: 21 Jan 2026, Wed, 9:00 pm | C30: 22 Mar 2026, Sun, 9:00 pm | E30: 23 Mar 2026, Sun, 9:00 pm | F30: 22 May 2026, Fri, 12:00 am | H30: 22 May 2026, Fri, 12:00 am | I30: 22 Jun 2026, Mon, 12:00 am
A31: Data Engineering: NV Contests 2026 Apr | B31: 20 Apr 2026, Mon, 9:00 pm | C31: 27 Apr 2026, Mon, 9:00 pm | E31: 28 Apr 2026, Tue, 12:00 am | F31: 5 May 2026, Tue, 12:00 am | H31: : 6 May 2026, Wed, 12:00 am | I31: 13 May 2026, Wed, 12:00 am
A32: Data Engineering: NV Contests 2026 May | B32: 13 May 2026, Wed, 9:00 pm | C32: 17 May 2026, Sun, 9:00 pm | E32: 20 May 2026, Wed, 12:00 am | F32: 27 May 2026, Wed, 12:00 am | H32: 26 May 2026, Tue, 12:00 am | I32: 31 May 2026, Sun, 12:00 am
A33: Databases & SQL: NV B1 Q1 2026 | B33: 21 Jan 2026, Wed, 9:00 pm | C33: 22 Mar 2026, Sun, 9:00 pm | E33: 23 Mar 2026, Sun, 9:00 pm | F33: 22 May 2026, Fri, 12:00 am | H33: 23 May 2026, Fri, 12:00 am | I33: 22 Jun 2026, Mon, 12:00 am
A34: DSA 1: NV B1 2026 | B34: 21 Jan 2026, Wed, 9:00 pm | C34: 22 Mar 2026, Sun, 9:00 pm | E34: 23 Mar 2026, Sun, 9:00 pm | F34: 22 May 2026, Fri, 12:00 am | H34: 23 May 2026, Fri, 12:00 am | I34: 22 Jun 2026, Mon, 12:00 am | K34: 22 Jun 2026, Mon, 12:00 am | L34: 22 July 2026, Mon, 12:00 am
A35: DSA 2: NV B1 2026 | B35: 21 Jan 2026, Wed, 9:00 pm | C35: 22 Mar 2026, Sun, 9:00 pm | E35: 23 Mar 2026, Sun, 9:00 pm | F35: 22 May 2026, Fri, 12:00 am | H35: 23 May 2026, Fri, 12:00 am | I35: 22 Jun 2026, Mon, 12:00 am | K35: 22 Jun 2026, Mon, 12:00 am | L35: 22 July 2026, Mon, 12:00 am
A36: DSA 3: NV B1 2026 | B36: 21 Jan 2026, Wed, 9:00 pm | C36: 22 Mar 2026, Sun, 9:00 pm | E36: 23 Mar 2026, Sun, 9:00 pm | F36: 22 May 2026, Fri, 12:00 am | H36: 23 May 2026, Fri, 12:00 am | I36: 22 Jun 2026, Mon, 12:00 am | K36: 22 Jun 2026, Mon, 12:00 am | L36: 22 July 2026, Mon, 12:00 am
A37: DSA 4: NV B1 2026 | B37: 21 Jan 2026, Wed, 9:00 pm | C37: 22 Mar 2026, Sun, 9:00 pm | E37: 23 Mar 2026, Sun, 9:00 pm | F37: 22 May 2026, Fri, 12:00 am | H37: 23 May 2026, Fri, 12:00 am | I37: 22 Jun 2026, Mon, 12:00 am | K37: 22 Jun 2026, Mon, 12:00 am | L37: 22 July 2026, Mon, 12:00 am
A38: DSA 4.2 : NV Contest 2026 April | B38: 28 Apr 2026, Tue, 7:00 pm | C38: 28 Apr 2026, Tue, 11:30 pm | E38: 29 Apr 2026, Wed, 12:00 am | F38: 6 May 2026, Wed, 12:00 am | H38: 6 May 2026, Wed, 12:00 am | I38: 13 May 2026, Wed, 12:00 am | K38: 13 May 2026, Wed, 12:00 am | L38: 27 Jun 2026, Sat, 12:00 am
A39: DSA 4.2: NV Contest B1 2025 | B39: 10 Nov 2025, Mon, 9:00 pm | C39: 10 Dec 2025, Wed, 11:30 pm | E39: 10 Dec 2025, Wed, 11:30 pm | F39: 10 Jan 2026, Sat, 12:00 am | H39: 10 Jan 2026, Sat, 12:00 am | I39: 10 Feb 2026, Tue, 12:00 am | K39: 10 Feb 2026, Tue, 12:00 am | L39: 10 Mar 2026, Tue, 12:00 am
A40: DSA for Competitive Programming : NV Contest 2026 April | B40: 46132.875 | C40: 46177.875
A41: DSA for Competitive Programming- NV B2 Contest 2026 | B41: 46104.875 | C41: 46149.875
A42: Front-end development: NV contest B1 2026 | B42: 46076.875 | C42: 46121.875
A43: Front-end development: NV Contests 2025 Q2 2026 | B43: 46119.875 | C43: 46164.875
A44: full-stack capstone: contest 2025 | B44: 22 Oct 2025, Wed, 9:00 pm | C44: 22 Nov 2025, Sat, 9:00 pm | E44: 23 Nov 2025, Sun, 12:00 am | F44: 23 Dec 2025, Tue, 12:00 am | H44: 23 Dec 2025, Tue, 12:00 am | I44: 31 Jan 2026, Sat, 12:00 am
A45: full-stack capstone: contest 2025: NV Contest 2026 May | B45: 11 May 2026, Mon, 9:00 pm | C45: 10 Jul 2026, Fri, 9:00 pm | E45: 11 Jul 2026, Sat, 12:00 am | F45: 9 Sep 2026, Wed, 12:00 am | H45: 8 Nov 2026, Sun, 12:00 am | I45: 7 Jan 2027, Thu, 12:00 am
A46: Full-stack LLD and Development 1: NV B1 Q1 2026 | B46: 21 Jan 2026, Wed, 9:00 pm | C46: 22 Mar 2026, Sun, 9:00 pm | E46: 23 Mar 2026, Sun, 9:00 pm | F46: 22 May 2026, Fri, 12:00 am | H46: 23 May 2026, Fri, 12:00 am | I46: 22 Jun 2026, Mon, 12:00 am
A47: Full-stack LLD and Development 2: NV B1 Q1 2026 | B47: 21 Jan 2026, Wed, 9:00 pm | C47: 22 Mar 2026, Sun, 9:00 pm | E47: 23 Mar 2026, Sun, 9:00 pm | F47: 22 May 2026, Fri, 12:00 am | H47: 23 May 2026, Fri, 12:00 am | I47: 22 Jun 2026, Mon, 12:00 am
A48: Full-stack LLD and Development 3: NV B1 Q1 2026 | B48: 21 Jan 2026, Wed, 9:00 pm | C48: 22 Mar 2026, Sun, 9:00 pm | E48: 23 Mar 2026, Sun, 9:00 pm | F48: 22 May 2026, Fri, 12:00 am | H48: 23 May 2026, Fri, 12:00 am | I48: 22 Jun 2026, Mon, 12:00 am
A49: Full-stack LLD and Development 4-Q4 NV contest | B49: 15 Dec 2025, Mon, 7:00 am | C49: 13 Feb 2026, Fri, 7:00 am | E49: 14 Feb 2026, Sat, 12:00 am | F49: 15 Apr 2026, Wed, 12:00 am | H49: 16 Apr 2026, Thu, 12:00 am | I49: 30 May 2026, Sat, 12:00 am
A50: High level design: NV B1 Q1 2026 | B50: 21 Jan 2026, Wed, 9:00 pm | C50: 22 Mar 2026, Sun, 9:00 pm | E50: 23 Mar 2026, Sun, 9:00 pm | F50: 22 May 2026, Fri, 12:00 am | H50: 22 May 2026, Fri, 12:00 am | I50: 22 Jun 2026, Mon, 12:00 am
A51: High level design: NV Contests 2026 Apr | B51: 46132.875 | C51: 46139.875 | E51: 46140 | F51: 46147 | H51: 46148 | I51: 46155
A52: High level design: NV Contests 2026 May | B52: 14 May 2026, Thu, 9:00 pm | C52: 23 May 2026, Sat, 9:00 pm | E52: 23 May 2026, Sat, 12:00 am | F52: 31 May 2026, Sun, 12:00 am | H52: 1 Jun 2026, Mon, 12:00 am | I52: 10 Jun 2026, Wed, 12:00 am
A53: Introduction to Problem Solving (Intermediate) 1: NV B1 Q1 2026 | B53: 19 Jan 2026, Mon, 9:00 pm | C53: 19 Feb 2026, Thu, 10:30 pm | E53: 19 Feb 2026, Thu, 12:00 am | F53: 19 March 2026, Thu, 12:00 am | H53: 19 March 2026, Thu, 12:00 am | I53: 19 April 2026, Thu, 12:00 am | K53: 19 April 2026, Thu, 12:00 am | L53: 19 May 2026, Thu, 12:00 am
A54: Introduction to Problem Solving (Intermediate) 2: NV B1 Q1 2026 | B54: 20 Jan 2026, Tue, 9:00 pm | C54: 20 Feb 2026, Fri, 10:30 pm | E54: 20 Feb 2026, Fri, 10:30 pm | F54: 20 Mar 2026, Fri, 12:00 am | H54: 20 Mar 2026, Fri, 12:00 am | I54: 20 Apr 2026, Fri, 12:00 am | K54: 20 Apr 2026, Mon, 12:00 am | L54: 20 May 2026, Mon, 12:00 am
A55: Introduction to Problem Solving (Intermediate) 2: NV Contest 2026 May | B55: 13 May 2026, Wed, 9:00 pm | C55: 2 Jul 2026, Sun, 9:00 pm | E55: 13 Jul 2026, Mon, 12:00 am | F55: 11 Sep 2026, Fri, 12:00 am | H55: 10 Nov 2026, Tue, 12:00 am | I55: 9 Jan 2027, Sat, 12:00 am | K55: 10 Mar 2027, Wed, 12:00 am | L55: 9 May 2027, Sun, 12:00 am
A56: Introduction to Programming (Beginner) 1: NV B1 Q1 2026 | B56: 21 Jan 2026, Wed, 9:00 pm | C56: 22 Mar 2026, Sun, 9:00 pm | E56: 23 Mar 2026, Sun, 9:00 pm | F56: 22 May 2026, Fri, 12:00 am | H56: 23 May 2026, Fri, 12:00 am | I56: 22 Jun 2026, Mon, 12:00 am | K56: 22 Jun 2026, Mon, 12:00 am | L56: 22 July 2026, Mon, 12:00 am
A57: Introduction to Programming (Beginner) 1: NV Contest June 2026 | B57: 26 May 2026, Tue, 9:00 pm | C57: 10 Jun 2026, Wed, 10:30 pm | E57: 46183 | F57: 46193 | H57: 46193 | I57: 46200 | K57: 27 Jun 2026, Sat, 12:00 am | L57: 9 Jul 2026, Thu, 12:00 am
A58: Introduction to Programming (Beginner) 2: NV B1 Q1 2026 | B58: 21 Jan 2026, Wed, 9:00 pm | C58: 22 Mar 2026, Sun, 9:00 pm | E58: 23 Mar 2026, Sun, 9:00 pm | F58: 22 May 2026, Fri, 12:00 am | H58: 23 May 2026, Fri, 12:00 am | I58: 22 Jun 2026, Mon, 12:00 am | K58: 22 Jun 2026, Mon, 12:00 am | L58: 22 July 2026, Mon, 12:00 am
A59: LLD: Object Oriented Design and Analysis-Contests 2025 q4 2025 | B59: 17 Nov 2025, Mon, 9:00 pm | C59: 16 Jan 2026, Fri, 9:00 pm | E59: 17 Jan 2026, Sat, 12:00 am | F59: 18 Mar 2026, Wed, 12:00 am | H59: 46126 | I59: 46173
A60: LLD: Practical Software Engineering and Design : Contest Q4 2025 | B60: 19 Nov 2025, Wed, 9:00 pm | C60: 18 Jan 2026, Sun, 9:00 pm | E60: 19 Jan 2026, Mon, 12:00 am | F60: 20 Mar 2026, Fri, 12:00 am | H60: 20 Mar 2026, Fri, 12:00 am | I60: 46142
A61: LLD: Practical Software Engineering and Design : NV Contest 2026 April | B61: 20 Apr 2026, Mon, 9:00 pm | C61: 30 Apr 2026, Thu, 9:00 pm | E61: 1 May 2026, Fri, 12:00 am | F61: 10 May 2026, Sun, 12:00 am | H61: 10 May 2026, Sun, 12:00 am | I61: 20 May 2026, Wed, 12:00 am
A62: Low Level Design: Contest 2026 B1 | B62: 23 Mar 2026, Mon, 9:00 pm | C62: 30 Mar 2026, Mon, 9:00 pm | E62: 31 Mar 2026, Tue, 12:00 am | F62: 7 Apr 2026, Tue, 12:00 am | H62: 7 Apr 2026, Tue, 12:00 am | I62: 16 Apr 2026, Thu, 12:00 am | K62: 16 Apr 2026, Thu, 12:00 am | L62: 31 May 2026, Sun, 12:00 am
A63: Product Management for Software Engineers: NV Contest 2026 June | B63: 23 May 2026, Sat, 1:20 pm | C63: 31 May 2026, Sun, 2:50 pm | E63: 1 Jun 2026, Mon, 12:00 am | F63: 8 Jun 2026, Mon, 12:00 am | H63: 8 Jun 2026, Mon, 12:00 am | I63: 15 Jun 2026, Mon, 12:00 am
A64: Product Management for Software Engineers: NV Contest 2026 May | B64: 11 May 2026, Mon, 9:00 pm | C64: 11 May 2026, Mon, 10:30 pm | E64: 12 May 2026, Tue, 12:00 am | F64: 19 May 2026, Tue, 12:00 am | H64: 19 May 2026, Tue, 12:00 am | I64: 26 May 2026, Tue, 12:00 am
A65: Product Management for Software engineers: NV Q2 2026 | B65: 30 Mar 2026, Mon, 9:00 pm | C65: 30 Apr 2026, Thu, 10:30 pm | E65: 1 May 2026, Fri, 12:00 am | F65: 31 May 2026, Sun, 12:00 am | H65: 1 Jun 2026, Mon, 12:00 am | I65: 30 Jun 2026, Tue, 12:00 am
A66: Python Backend Project : NV Contest 2026 May | B66: 11 May 2026, Mon, 9:00 pm | C66: 18 May 2026, Mon, 9:00 pm | E66: 19 May 2026, Tue, 12:00 am | F66: 26 May 2026, Tue, 12:00 am

Sheet dsml new contests
A1: Module | B1: batch name | C1: Start and End date | D1: Start and End date
A2: ML: Unsupervised and RecSys | B2: ML : Unsupervised and RecSys: NV B1 Q1 2026 | C2: 21 Jan 2026, Wed, 9:00 pm-22 Mar 2026, Sun, 9:00 pm | D2: 23 Mar 2026, Sun, 9:00 pm-22 May 2026, Fri, 12:00 am
A3: Intro to ML and NN | B3: Intro to ML and NN: Q1 2026 B1 | C3: 2 Mar 2026, Mon, 9:00 pm - 2 May 2026, Sat, 11:00 pm | D3: 3 May 2026, Sun, 12:00 am - 3 Jul 2026, Fri, 12:00 am
A4: ML: Adv Supervised Algorithms | B4: ML : Adv Supervised Algorithm: NV B1 Q1 2026 | C4: 21 Jan 2026, Wed, 9:00 pm-22 Mar 2026, Sun, 9:00 pm | D4: 23 Mar 2026, Sun, 9:00 pm-22 May 2026, Fri, 12:00 am
A5: MLOps | B5: MLOps: Q2 2026 NV Contest | C5: 17 Mar 2026, Tue, 9:00 pm- 17 Apr 2026, Fri, 11:59 pm | D5: April 18, 2026 12:00 AM - May 18, 2026 11:59 PM
A6: Common Core Maths | B6: Common Core Maths: NV B1 Q1 2026 | C6: January 21, 2026 09:00 PM - April 22, 2026 11:00 PM
A7: Data Analytics and Visualisation - Fundamentals | B7: Data Analytics and Visualisation - Fundamentals: NV B1 Q1 2026 | C7: 21 Jan 2026, Wed, 9:00 pm-22 Mar 2026, Sun, 9:00 pm | D7: 23 Mar 2026, Sun, 9:00 pm-22 May 2026, Fri, 12:00 am
A8: Product analytics | B8: Product Analytics: NV B1 Q1 2026 | C8: 21 Jan 2026, Wed, 9:00 pm-22 Mar 2026, Sun, 9:00 pm | D8: 23 Mar 2026, Sun, 9:00 pm-22 May 2026, Fri, 12:00 am
A9: Tableau and Excel | B9: Tableau and Excel: NV B1 Q1 2026 | C9: 21 Jan 2026, Wed, 9:00 pm-22 Mar 2026, Sun, 9:00 pm | D9: 23 Mar 2026, Sun, 9:00 pm-22 May 2026, Fri, 12:00 am
A10: Maths for ML | B10: Maths for ML: NV B1 Q1 2026 | C10: 21 Jan 2026, Wed, 9:00 pm-22 Mar 2026, Sun, 9:00 pm | D10: 23 Mar 2026, Sun, 9:00 pm-22 May 2026, Fri, 12:00 am
A11: Neural Networks | B11: Neural Networks: NV B1 Q1 2026 | C11: 21 Jan 2026, Wed, 9:00 pm-22 Mar 2026, Sun, 9:00 pm | D11: 23 Mar 2026, Sun, 9:00 pm-22 May 2026, Fri, 12:00 am
A12: Data Analytics and Visualisation - Python Libraries | B12: Data Analytics and Visualisation - Python Libraries: NV B1 Q1 2026 | C12: 21 Jan 2026, Wed, 9:00 pm-22 Mar 2026, Sun, 9:00 pm | D12: 23 Mar 2026, Sun, 9:00 pm-22 May 2026, Fri, 12:00 am
A13: Common Core Tools | B13: Common Core Tools: Nv Contest may | C13: May 12, 2025 09:00 PM - February 12, 2026 09:00 PM
A14: Common Core Foundations | B14: Common Core Foundations: May 25 contest | C14: May 14, 2025 07:00 AM - January 1, 2026 07:00 AM
A15: SQL | B15: SQL: NV B1 Q1 2026 | C15: 21 Jan 2026, Wed, 9:00 pm-22 Mar 2026, Sun, 9:00 pm | D15: 23 Mar 2026, Sun, 9:00 pm-22 May 2026, Fri, 12:00 am
A16: Beginner Python 1 | B16: Beginner Python 1: NV Contest 2025 | C16: June 11, 2025 09:00 PM - March 31, 2026 09:00 PM
A17: Advanced Python | B17: Advanced Python: NV B1 Q1 2026 | C17: January 21, 2026 09:00 PM - May 22, 2026 11:00 PM
A18: Beginner Python 2 | B18: Beginner Python 2: NV Contest Q2 2026 | C18: March 30, 2026 09:00 PM - May 14, 2026 09:00 PM
A19: Computer Vision | B19: Computer Vision: B1 Contest 2026 | C19: 21 Jan 2026, Wed, 9:00 pm-22 Mar 2026, Sun, 9:00 pm | D19: 23 Mar 2026, Sun, 9:00 pm-22 May 2026, Fri, 12:00 am
A20: Beginner Python 1 | B20: Beginner Python 1: NV B1 Q1 2026 | C20: 21 Jan 2026, Wed, 9:00 pm-22 Mar 2026, Sun, 9:00 pm | D20: 23 Mar 2026, Sun, 9:00 pm-22 May 2026, Fri, 12:00 am
A21: Natural Language Processing | B21: Natural Language Processing: NV B1 Q1 2026 | C21: 21 Jan 2026, Wed, 9:00 pm-22 Mar 2026, Sun, 9:00 pm | D21: 23 Mar 2026, Sun, 9:00 pm-22 May 2026, Fri, 12:00 am
A22: ML : Supervised Algorithms | B22: ML : Supervised Algorithms: NV Contest 2026 Q2 | C22: 6 Apr 2026, Mon, 9:00 pm - 6 May 2026, Wed, 11:00 pm | D22: 7 May 2026, Thu, 12:00 am - 7 Jun 2026, Sun, 12:00 am
A23: Data Analytics and Visualisation - Probability and Stats | B23: DAV: Probability and Statistics NV contest 2026 | C23: 3 Feb 2026, Tue, 9:00 pm - 3 Mar 2026, Tue, 11:59 pm | D23: 3 Mar 2026, Tue, 12:00 am - 3 May 2026, Sun, 11:59 pm
A24: Introduction to Problem Solving (Intermediate) 1 | B24: Introduction to Problem Solving (Intermediate) 1: NV B1 2026 | C24: February 9, 2026 09:00 PM - March 26, 2026 09:00 PM
A25: Common Core Foundations: NV Contest B1 2026 | B25: Common Core Foundations: NV Contest B1 2026 | C25: February 9, 2026 09:00 PM - July 31, 2026 09:00 PM
A26: DA ML 2 | B26: DA ML 2: NV Contest B1 2026 | C26: March 17, 2026 09:00 PM - May 1, 2026 09:00 PM
A27: Neural Networks | B27: Neural Networks | C27: April 6, 2026 09:00 PM - May 21, 2026 09:00 PM
A28: Advanced SQL | B28: Advanced SQL : NV Apr26 Q2 | C28: April 16, 2026 09:00 PM - May 31, 2026 09:00 PM
A29: Tableau and Excel | B29: Tableau and Excel : NV Apr26 Q2 Reattempt 1 | C29: April 16, 2026 09:00 PM - May 31, 2026 09:00 PM
A30: Common Core Maths | B30: Common Core Maths: NV Contest 2026 April | C30: April 27, 2026 09:00 PM - June 11, 2026 09:00 PM
A31: Common Core Tools | B31: Common Core Tools: NV Contest 2026 April | C31: April 27, 2026 09:00 PM - June 11, 2026 09:00 PM
A32: Common Core Foundations | B32: Common Core Foundations: NV Contest 2026 April | C32: April 27, 2026 09:00 PM - June 11, 2026 09:00 PM
A33: Data Analytics and Visualisation - Probability and Stats | B33: DAV: Probability and Statistics NV Contest 2026 May | C33: May 6, 2026 09:00 PM - May 31, 2026 11:00 PM
A34: MLOps | B34: MLOps: NV Contest 2026 May | C34: May 20, 2026 03:25 PM - July 4, 2026 03:25 PM
A35: Classical ML 1 | B35: Classical ML 1: NV Contest May 2026 | C35: 20 May 2026, Wed, 3:35 pm - 27 May 2026, Wed, 5:05 pm | D35: 28 May 2026, Thu, 12:00 am - 4 Jun 2026, Thu, 12:00 am
A36: Introduction to Problem Solving (Intermediate) 1 | B36: Introduction to Problem Solving (Intermediate) 1: NV Contest May 2026 | C36: 23 May 2026, Sat, 7:25 pm-23 May 2026, Sat, 8:55 pm | D36: 24 May 2026, Sun, 12:00 am - 31 May 2026, Sun, 12:00 am | E36: 31 May 2026, Sun, 12:00 am - 7 Jun 2026, Sun, 12:00 am | F36: 7 Jun 2026, Sun, 12:00 am - 22 Jul 2026, Wed, 12:00 am
A37: Data Analytics and Visualisation - Python Libraries | B37: Data Analytics and Visualisation - Python Libraries: NV Contest May 2026 | C37: 23 May 2026, Sat, 12:15 pm - 1 Jun 2026, Mon, 3:14 pm | D37: 2 Jun 2026, Tue, 12:00 am - 16 Jun 2026, Tue, 11:59 pm
A38: Data Analytics and Visualisation - Fundamentals | B38: Data Analytics and Visualisation - Fundamentals: NV Contest May 2026 | C38: May 23, 2026 01:50 PM - July 7, 2026 01:50 PM
A39: Maths for ML | B39: Maths for ML: NV Contest May 2026 | C39: 23 May 2026, Sat, 1:20 pm - 1 Jun 2026, Mon, 4:19 pm | D39: 2 Jun 2026, Tue, 12:00 am - 16 Jun 2026, Tue, 11:59 pm
A40: Advanced Python | B40: Advanced Python: NV Contest June 2026 | C40: May 25, 2026 09:00 PM - July 9, 2026 09:00 PM
A41: Product analytics | B41: Product Analytics: NV Contest June 2026 | C41: May 25, 2026 09:00 PM - July 9, 2026 09:00 PM
A42: Neural Networks | B42: Neural Networks: NV Contest June 2026 | C42: May 25, 2026 09:00 PM - July 9, 2026 09:00 PM

Sheet Academy New Contests 
A1: NV ACADEMY CONTEST
A2: Module Name | B2: Batch Name | C2: Attempt 1 | E2: Attempt 2 | G2: Attempt 3 | I2: Attempt 4 | K2: No. of Attempts | L2: Final Contest Deadline | M2: Days Remaining | N2: Contest Status
C3: Start Date | D3: End Date | E3: Start Date | F3: End Date | G3: Start Date | H3: End Date | I3: Start Date | J3: End Date
A4: Advanced AI Agents | B4: Advanced AI Agents: NV Contest June 2026 | C4: Isn't available yet
A5: Advance Programming Concepts | B5: =CONCATENATE(A5,": NV Contest June 2026") | C5: 46169.875 | D5: 46177.875 | E5: 46177 | F5: 46184 | G5: 46184 | H5: 46193 | I5: 46193 | J5: 46203 | K5: =COUNT(C5,E5,G5,I5) | L5: =IFERROR(MAX(C5:J5),"") | M5: =IFERROR(IF(L5="","",L5-TODAY()),"") | N5: =IFERROR(IF(L5="","",IF(L5<TODAY(),"Expired",IF(L5-TODAY()<=5,"Expiring Soon","Active"))),"")
A6: Advance Software Engineering | B6: =CONCATENATE(A6,": NV Contest June 2026") | C6: 46169.875 | D6: 46212.875 | K6: =COUNT(C6,E6,G6,I6) | L6: =IFERROR(MAX(C6:J6),"") | M6: =IFERROR(IF(L6="","",L6-TODAY()),"") | N6: =IFERROR(IF(L6="","",IF(L6<TODAY(),"Expired",IF(L6-TODAY()<=5,"Expiring Soon","Active"))),"")
A7: Advanced DSA 1 | B7: =CONCATENATE(A7,": NV Contest June 2026") | C7: 46169.792 | D7: 46177.792 | E7: 46177 | F7: 46184 | G7: 46184 | H7: 46193 | I7: 46193 | J7: 46203 | K7: =COUNT(C7,E7,G7,I7) | L7: =IFERROR(MAX(C7:J7),"") | M7: =IFERROR(IF(L7="","",L7-TODAY()),"") | N7: =IFERROR(IF(L7="","",IF(L7<TODAY(),"Expired",IF(L7-TODAY()<=5,"Expiring Soon","Active"))),"")
A8: Advanced DSA 2 | B8: =CONCATENATE(A8,": NV Contest June 2026") | C8: 46167.875 | D8: 46177.875 | E8: 46177 | F8: 46184 | G8: 46184 | H8: 46193 | I8: 46193 | J8: 46203 | K8: =COUNT(C8,E8,G8,I8) | L8: =IFERROR(MAX(C8:J8),"") | M8: =IFERROR(IF(L8="","",L8-TODAY()),"") | N8: =IFERROR(IF(L8="","",IF(L8<TODAY(),"Expired",IF(L8-TODAY()<=5,"Expiring Soon","Active"))),"")
A9: Advanced DSA 3 | B9: Advanced DSA 3: NV Contest July 2026 | C9: 46188.875 | D9: 46203.875 | E9: 46204 | F9: 46218 | G9: 46218 | H9: 46234 | I9: 46235 | J9: 46244 | K9: =COUNT(C9,E9,G9,I9) | L9: =IFERROR(MAX(C9:J9),"") | M9: =IFERROR(IF(L9="","",L9-TODAY()),"") | N9: =IFERROR(IF(L9="","",IF(L9<TODAY(),"Expired",IF(L9-TODAY()<=5,"Expiring Soon","Active"))),"")
A10: Advanced DSA 4 | B10: =CONCATENATE(A10,": NV Contest June 2026") | C10: 46167.875 | D10: 46177.875 | E10: 46177 | F10: 46184 | G10: 46184 | H10: 46193 | I10: 46193 | J10: 46203 | K10: =COUNT(C10,E10,G10,I10) | L10: =IFERROR(MAX(C10:J10),"") | M10: =IFERROR(IF(L10="","",L10-TODAY()),"") | N10: =IFERROR(IF(L10="","",IF(L10<TODAY(),"Expired",IF(L10-TODAY()<=5,"Expiring Soon","Active"))),"")
A11: Backend Capstone Project | B11: Backend Capstone Project : NV Contest June 2026 | C11: 46169.875 | D11: 46212.875 | K11: =COUNT(C11,E11,G11,I11) | L11: =IFERROR(MAX(C11:J11),"") | M11: =IFERROR(IF(L11="","",L11-TODAY()),"") | N11: =IFERROR(IF(L11="","",IF(L11<TODAY(),"Expired",IF(L11-TODAY()<=5,"Expiring Soon","Active"))),"")
A12: Backend Development | B12: =CONCATENATE(A12,": NV Contest June 2026") | C12: 46171.875 | D12: 46212.875 | K12: =COUNT(C12,E12,G12,I12) | L12: =IFERROR(MAX(C12:J12),"") | M12: =IFERROR(IF(L12="","",L12-TODAY()),"") | N12: =IFERROR(IF(L12="","",IF(L12<TODAY(),"Expired",IF(L12-TODAY()<=5,"Expiring Soon","Active"))),"")
A13: Backend LLD and Development 1 | B13: =CONCATENATE(A13,": NV Contest June 2026") | C13: 46171.875 | D13: 46177.958 | E13: 46177 | F13: 46184 | G13: 46184 | H13: 46193 | I13: 46193 | J13: 46203 | K13: =COUNT(C13,E13,G13,I13) | L13: =IFERROR(MAX(C13:J13),"") | M13: =IFERROR(IF(L13="","",L13-TODAY()),"") | N13: =IFERROR(IF(L13="","",IF(L13<TODAY(),"Expired",IF(L13-TODAY()<=5,"Expiring Soon","Active"))),"")
A14: Backend LLD and Development 2 | B14: =CONCATENATE(A14,": NV Contest June 2026") | C14: 46195.875 | D14: 46203.875 | E14: 46204 | F14: 46211 | G14: 46211 | H14: 46218 | K14: =COUNT(C14,E14,G14,I14) | L14: =IFERROR(MAX(C14:J14),"") | M14: =IFERROR(IF(L14="","",L14-TODAY()),"") | N14: =IFERROR(IF(L14="","",IF(L14<TODAY(),"Expired",IF(L14-TODAY()<=5,"Expiring Soon","Active"))),"")
A15: Backend LLD and Development 3 | B15: =CONCATENATE(A15,": NV Contest June 2026") | C15: 46171.875 | D15: 46183.875 | E15: 46183 | F15: 46193 | G15: 46193 | H15: 46203 | K15: =COUNT(C15,E15,G15,I15) | L15: =IFERROR(MAX(C15:J15),"") | M15: =IFERROR(IF(L15="","",L15-TODAY()),"") | N15: =IFERROR(IF(L15="","",IF(L15<TODAY(),"Expired",IF(L15-TODAY()<=5,"Expiring Soon","Active"))),"")
A16: Backend LLD and Development 4 | B16: =CONCATENATE(A16,": NV Contest June 2026") | C16: 46171.875 | D16: 46212.875 | K16: =COUNT(C16,E16,G16,I16) | L16: =IFERROR(MAX(C16:J16),"") | M16: =IFERROR(IF(L16="","",L16-TODAY()),"") | N16: =IFERROR(IF(L16="","",IF(L16<TODAY(),"Expired",IF(L16-TODAY()<=5,"Expiring Soon","Active"))),"")
A17: Backend Project | B17: =CONCATENATE(A17,": NV Contest June 2026") | C17: 46171.875 | D17: 46212.875 | K17: =COUNT(C17,E17,G17,I17) | L17: =IFERROR(MAX(C17:J17),"") | M17: =IFERROR(IF(L17="","",L17-TODAY()),"") | N17: =IFERROR(IF(L17="","",IF(L17<TODAY(),"Expired",IF(L17-TODAY()<=5,"Expiring Soon","Active"))),"")
A18: Basics of GenAI and AI agents | B18: =CONCATENATE(A18,": NV Contest June 2026") | C18: Isn't available yet
A19: Computer Systems and Fundamentals | B19: =CONCATENATE(A19,": NV Contest June 2026") | C19: 46167.875 | D19: 46176.875 | E19: 46176 | F19: 46186 | G19: 46186 | H19: 46196 | I19: 46196 | J19: 46212 | K19: =COUNT(C19,E19,G19,I19) | L19: =IFERROR(MAX(C19:J19),"") | M19: =IFERROR(IF(L19="","",L19-TODAY()),"") | N19: =IFERROR(IF(L19="","",IF(L19<TODAY(),"Expired",IF(L19-TODAY()<=5,"Expiring Soon","Active"))),"")
A20: Data Engineering | B20: Data Engineering: NV Contest July 2026 | C20: 46195.875 | D20: 46203.875 | E20: 46204 | F20: 46210 | G20: 46210 | H20: 46217 | K20: =COUNT(C20,E20,G20,I20) | L20: =IFERROR(MAX(C20:J20),"") | M20: =IFERROR(IF(L20="","",L20-TODAY()),"") | N20: =IFERROR(IF(L20="","",IF(L20<TODAY(),"Expired",IF(L20-TODAY()<=5,"Expiring Soon","Active"))),"")
A21: Databases & SQL | B21: =CONCATENATE(A21,": NV Contest June 2026") | C21: 46171.875 | D21: 46183.875 | E21: 46183 | F21: 46193 | G21: 46193 | H21: 46203 | K21: =COUNT(C21,E21,G21,I21) | L21: =IFERROR(MAX(C21:J21),"") | M21: =IFERROR(IF(L21="","",L21-TODAY()),"") | N21: =IFERROR(IF(L21="","",IF(L21<TODAY(),"Expired",IF(L21-TODAY()<=5,"Expiring Soon","Active"))),"")
A22: DSA 1 | B22: =CONCATENATE(A22,": NV Contest June 2026") | C22: 46195.875 | D22: 46200.875 | E22: 46201 | F22: 46207 | G22: 46208 | H22: 46214 | I22: 46215 | J22: 46223 | K22: =COUNT(C22,E22,G22,I22) | L22: =IFERROR(MAX(C22:J22),"") | M22: =IFERROR(IF(L22="","",L22-TODAY()),"") | N22: =IFERROR(IF(L22="","",IF(L22<TODAY(),"Expired",IF(L22-TODAY()<=5,"Expiring Soon","Active"))),"")
A23: DSA 2 | B23: =CONCATENATE(A23,": NV Contest June 2026") | C23: 46171.875 | D23: 46183.938 | E23: 46183 | F23: 46193 | G23: 46193 | H23: 46203 | I23: 46203 | J23: 46213 | K23: =COUNT(C23,E23,G23,I23) | L23: =IFERROR(MAX(C23:J23),"") | M23: =IFERROR(IF(L23="","",L23-TODAY()),"") | N23: =IFERROR(IF(L23="","",IF(L23<TODAY(),"Expired",IF(L23-TODAY()<=5,"Expiring Soon","Active"))),"")
A24: DSA 3 | B24: =CONCATENATE(A24,": NV Contest June 2026") | C24: 46171.875 | D24: 46183.938 | E24: 46183 | F24: 46193 | G24: 46193 | H24: 46203 | I24: 46203 | J24: 46213 | K24: =COUNT(C24,E24,G24,I24) | L24: =IFERROR(MAX(C24:J24),"") | M24: =IFERROR(IF(L24="","",L24-TODAY()),"") | N24: =IFERROR(IF(L24="","",IF(L24<TODAY(),"Expired",IF(L24-TODAY()<=5,"Expiring Soon","Active"))),"")
A25: DSA 4 | B25: =CONCATENATE(A25,": NV Contest June 2026") | C25: 46171.875 | D25: 46183.938 | E25: 46183 | F25: 46193 | G25: 46193 | H25: 46203 | I25: 46203 | J25: 46212 | K25: =COUNT(C25,E25,G25,I25) | L25: =IFERROR(MAX(C25:J25),"") | M25: =IFERROR(IF(L25="","",L25-TODAY()),"") | N25: =IFERROR(IF(L25="","",IF(L25<TODAY(),"Expired",IF(L25-TODAY()<=5,"Expiring Soon","Active"))),"")
A26: DSA 4.2 | B26: =CONCATENATE(A26,": NV Contest June 2026") | C26: 46171.875 | D26: 46183.979 | E26: 46183 | F26: 46193 | G26: 46193 | H26: 46203 | I26: 46203 | J26: 46213 | K26: =COUNT(C26,E26,G26,I26) | L26: =IFERROR(MAX(C26:J26),"") | M26: =IFERROR(IF(L26="","",L26-TODAY()),"") | N26: =IFERROR(IF(L26="","",IF(L26<TODAY(),"Expired",IF(L26-TODAY()<=5,"Expiring Soon","Active"))),"")
A27: DSA for Competitive Programming | B27: =CONCATENATE(A27,": NV Contest June 2026") | C27: 46182.875 | D27: 46234.875 | K27: =COUNT(C27,E27,G27,I27) | L27: =IFERROR(MAX(C27:J27),"") | M27: =IFERROR(IF(L27="","",L27-TODAY()),"") | N27: =IFERROR(IF(L27="","",IF(L27<TODAY(),"Expired",IF(L27-TODAY()<=5,"Expiring Soon","Active"))),"")
A28: LLD: Object Oriented Design and Analysis | B28: =CONCATENATE(A28,": NV Contest June 2026") | C28: 46182.875 | D28: 46234.875 | K28: =COUNT(C28,E28,G28,I28) | L28: =IFERROR(MAX(C28:J28),"") | M28: =IFERROR(IF(L28="","",L28-TODAY()),"") | N28: =IFERROR(IF(L28="","",IF(L28<TODAY(),"Expired",IF(L28-TODAY()<=5,"Expiring Soon","Active"))),"")
A29: LLD: Practical Software Engineering and Design | B29: LLD: Practical Software Engineering and Design: NV Contest June 2026 | C29: 46171.812 | D29: 46183.812 | E29: 46183 | F29: 46193 | G29: 46193 | H29: 46203 | K29: =COUNT(C29,E29,G29,I29) | L29: =IFERROR(MAX(C29:J29),"") | M29: =IFERROR(IF(L29="","",L29-TODAY()),"") | N29: =IFERROR(IF(L29="","",IF(L29<TODAY(),"Expired",IF(L29-TODAY()<=5,"Expiring Soon","Active"))),"")
A30: Front-end Development | B30: Front-end Development: NV Contest June 2026 | C30: 46190.875 | D30: 46235.875 | K30: =COUNT(C30,E30,G30,I30) | L30: =IFERROR(MAX(C30:J30),"") | M30: =IFERROR(IF(L30="","",L30-TODAY()),"") | N30: =IFERROR(IF(L30="","",IF(L30<TODAY(),"Expired",IF(L30-TODAY()<=5,"Expiring Soon","Active"))),"")
A31: full-stack capstone | B31: =CONCATENATE(A31,": NV Contest June 2026") | C31: 46182.875 | D31: 46193.875 | E31: 46193 | F31: 46203 | G31: 46203 | H31: 46218 | K31: =COUNT(C31,E31,G31,I31) | L31: =IFERROR(MAX(C31:J31),"") | M31: =IFERROR(IF(L31="","",L31-TODAY()),"") | N31: =IFERROR(IF(L31="","",IF(L31<TODAY(),"Expired",IF(L31-TODAY()<=5,"Expiring Soon","Active"))),"")
A32: Full-stack LLD and Development 1 | B32: =CONCATENATE(A32,": NV Contest June 2026") | C32: 46182.875 | D32: 46193.875 | E32: 46193 | F32: 46203 | G32: 46203 | H32: 46218 | K32: =COUNT(C32,E32,G32,I32) | L32: =IFERROR(MAX(C32:J32),"") | M32: =IFERROR(IF(L32="","",L32-TODAY()),"") | N32: =IFERROR(IF(L32="","",IF(L32<TODAY(),"Expired",IF(L32-TODAY()<=5,"Expiring Soon","Active"))),"")
A33: Full-stack LLD and Development 2 | B33: =CONCATENATE(A33,": NV Contest June 2026") | C33: 46182.875 | D33: 46193.875 | E33: 46193 | F33: 46203 | G33: 46203 | H33: 46218 | K33: =COUNT(C33,E33,G33,I33) | L33: =IFERROR(MAX(C33:J33),"") | M33: =IFERROR(IF(L33="","",L33-TODAY()),"") | N33: =IFERROR(IF(L33="","",IF(L33<TODAY(),"Expired",IF(L33-TODAY()<=5,"Expiring Soon","Active"))),"")
A34: Full-stack LLD and Development 3 | B34: =CONCATENATE(A34,": NV Contest June 2026") | C34: 46182.875 | D34: 46193.875 | E34: 46188.875 | F34: 46203.875 | G34: 46204 | H34: 46218 | I34: 46218 | J34: 46234 | K34: =COUNT(C34,E34,G34,I34) | L34: =IFERROR(MAX(C34:J34),"") | M34: =IFERROR(IF(L34="","",L34-TODAY()),"") | N34: =IFERROR(IF(L34="","",IF(L34<TODAY(),"Expired",IF(L34-TODAY()<=5,"Expiring Soon","Active"))),"")
A35: Full-stack LLD and Development 4 | B35: Full-stack LLD and Development 4: NV Contest June 2026 | C35: 46181.875 | D35: 46188.875 | E35: 46189 | F35: 46203 | K35: =COUNT(C35,E35,G35,I35) | L35: =IFERROR(MAX(C35:J35),"") | M35: =IFERROR(IF(L35="","",L35-TODAY()),"") | N35: =IFERROR(IF(L35="","",IF(L35<TODAY(),"Expired",IF(L35-TODAY()<=5,"Expiring Soon","Active"))),"")
A36: High level design | B36: High level design: NV Contests 2026 June | C36: 46184.875 | D36: 46193.875 | E36: 46193 | F36: 46203 | G36: 46204 | H36: 46213 | K36: =COUNT(C36,E36,G36,I36) | L36: =IFERROR(MAX(C36:J36),"") | M36: =IFERROR(IF(L36="","",L36-TODAY()),"") | N36: =IFERROR(IF(L36="","",IF(L36<TODAY(),"Expired",IF(L36-TODAY()<=5,"Expiring Soon","Active"))),"")
A37: Introduction to Problem Solving (Intermediate) 1 | B37: Introduction to Problem Solving (Intermediate) 1: NV Contest June 2026 | C37: 46171.875 | D37: 46177.938 | E37: 46177 | F37: 46183 | G37: 46183 | H37: 46193 | I37: 46193 | J37: 46203 | K37: =COUNT(C37,E37,G37,I37) | L37: =IFERROR(MAX(C37:J37),"") | M37: =IFERROR(IF(L37="","",L37-TODAY()),"") | N37: =IFERROR(IF(L37="","",IF(L37<TODAY(),"Expired",IF(L37-TODAY()<=5,"Expiring Soon","Active"))),"")
A38: Introduction to Problem Solving (Intermediate) 2 | B38: Introduction to Problem Solving (Intermediate) 2: NV Contest June 2026 | C38: 46181.875 | D38: 46183.875 | E38: 46183 | F38: 46193 | G38: 46193 | H38: 46203 | I38: 46203 | J38: 46213 | K38: =COUNT(C38,E38,G38,I38) | L38: =IFERROR(MAX(C38:J38),"") | M38: =IFERROR(IF(L38="","",L38-TODAY()),"") | N38: =IFERROR(IF(L38="","",IF(L38<TODAY(),"Expired",IF(L38-TODAY()<=5,"Expiring Soon","Active"))),"")
A39: Introduction to Programming (Beginner) 1 | B39: Introduction to Programming (Beginner) 1: NV Contest June 2026 | C39: 46168.875 | D39: 46183.938 | E39: 46183 | F39: 46193 | G39: 46193 | H39: 46200 | I39: 46200 | J39: 46212 | K39: =COUNT(C39,E39,G39,I39) | L39: =IFERROR(MAX(C39:J39),"") | M39: =IFERROR(IF(L39="","",L39-TODAY()),"") | N39: =IFERROR(IF(L39="","",IF(L39<TODAY(),"Expired",IF(L39-TODAY()<=5,"Expiring Soon","Active"))),"")
A40: Introduction to Programming (Beginner) 2 | B40: Introduction to Programming (Beginner) 2: NV Contest June 2026 | C40: 46184.875 | D40: 46193.938 | E40: 46193 | F40: 46203 | G40: 46204 | H40: 46213 | I40: 46213 | J40: 46223 | K40: =COUNT(C40,E40,G40,I40) | L40: =IFERROR(MAX(C40:J40),"") | M40: =IFERROR(IF(L40="","",L40-TODAY()),"") | N40: =IFERROR(IF(L40="","",IF(L40<TODAY(),"Expired",IF(L40-TODAY()<=5,"Expiring Soon","Active"))),"")
A41: Low Level Design | B41: Low Level Design: NV Contest June 2026 | C41: 46188.875 | D41: 46203.875 | E41: 46204 | F41: 46203.875 | K41: =COUNT(C41,E41,G41,I41) | L41: =IFERROR(MAX(C41:J41),"") | M41: =IFERROR(IF(L41="","",L41-TODAY()),"") | N41: =IFERROR(IF(L41="","",IF(L41<TODAY(),"Expired",IF(L41-TODAY()<=5,"Expiring Soon","Active"))),"")
A42: Product Management for Software Engineers | B42: PM: NV Contest | C42: 46182.875 | D42: 46193.938 | E42: 46193 | F42: 46203 | G42: 46203 | H42: 46203 | I42: 46218 | K42: =COUNT(C42,E42,G42,I42) | L42: =IFERROR(MAX(C42:J42),"") | M42: =IFERROR(IF(L42="","",L42-TODAY()),"") | N42: =IFERROR(IF(L42="","",IF(L42<TODAY(),"Expired",IF(L42-TODAY()<=5,"Expiring Soon","Active"))),"")
A43: Python Backend Project
A44: Advanced DSA 4 | B44: =CONCATENATE(A44,": NV Contest December 2026") | C44: 46357.875 | D44: 46366.875 | E44: 46366 | F44: 46373 | G44: 46373 | H44: 46382 | I44: 46382 | J44: 46392 | K44: =COUNT(C44,E44,G44,I44) | L44: =IFERROR(MAX(C44:J44),"") | M44: =IFERROR(IF(L44="","",L44-TODAY()),"") | N44: =IFERROR(IF(L44="","",IF(L44<TODAY(),"Expired",IF(L44-TODAY()<=5,"Expiring Soon","Active"))),"")
A45: Advanced DSA 4 | B45: =CONCATENATE(A45,": NV Contest January 2027") | C45: 46388.875 | D45: 46397.875 | E45: 46397 | F45: 46404 | G45: 46404 | H45: 46413 | I45: 46413 | J45: 46423 | K45: =COUNT(C45,E45,G45,I45) | L45: =IFERROR(MAX(C45:J45),"") | M45: =IFERROR(IF(L45="","",L45-TODAY()),"") | N45: =IFERROR(IF(L45="","",IF(L45<TODAY(),"Expired",IF(L45-TODAY()<=5,"Expiring Soon","Active"))),"")
A46: Advanced DSA 4 | B46: Advanced DSA 4: NV Contest February 2027 | C46: 46419.875 | D46: 46428.875 | E46: 46428 | F46: 46435 | G46: 46435 | H46: 46444 | I46: 46444 | J46: 46454 | K46: =COUNT(C46,E46,G46,I46) | L46: =IFERROR(MAX(C46:J46),"") | M46: =IFERROR(IF(L46="","",L46-TODAY()),"") | N46: =IFERROR(IF(L46="","",IF(L46<TODAY(),"Expired",IF(L46-TODAY()<=5,"Expiring Soon","Active"))),"")
A47: Advanced DSA 4 | B47: Advanced DSA 4: NV Contest March 2027 | C47: 46447.875 | D47: 46456.875 | E47: 46456 | F47: 46463 | G47: 46463 | H47: 46472 | I47: 46472 | J47: 46482 | K47: =COUNT(C47,E47,G47,I47) | L47: =IFERROR(MAX(C47:J47),"") | M47: =IFERROR(IF(L47="","",L47-TODAY()),"") | N47: =IFERROR(IF(L47="","",IF(L47<TODAY(),"Expired",IF(L47-TODAY()<=5,"Expiring Soon","Active"))),"")

Sheet Sheet93
A1: Advance Programming Concepts: NV Contest Q1 2026 | B1: =LEFT(A1,FIND(":",A1)-1)
A2: Advance Software Engineering: NV Contest q3 | B2: =LEFT(A2,FIND(":",A2)-1)
A3: Advanced DSA 1: NV B1 Q1 2026 | B3: =LEFT(A3,FIND(":",A3)-1)
A4: Advanced DSA 2: NV B1 Q1 2026 | B4: =LEFT(A4,FIND(":",A4)-1)
A5: Advanced DSA 3: NV B1 Q1 2026 | B5: =LEFT(A5,FIND(":",A5)-1)
A6: Advanced DSA 4: NV B1 Q1 2026 | B6: =LEFT(A6,FIND(":",A6)-1)
A7: Back-End Development: NV March 2026 Contest | B7: =LEFT(A7,FIND(":",A7)-1)
A8: Back-End Development : NV Contest 2026 April | B8: =LEFT(A8,FIND(":",A8)-1)
A9: Backend Capstone Project: NV B1 Q2 2026 | B9: =LEFT(A9,FIND(":",A9)-1)
A10: Backend Capstone Project : NV Contest 2026 April | B10: =LEFT(A10,FIND(":",A10)-1)
A11: Backend development: B2 2026 | B11: =LEFT(A11,FIND(":",A11)-1)
A12: Backend LLD and Development 1: NV Q4 2025 contest | B12: =LEFT(A12,FIND(":",A12)-1)
... A26: DSA for Competitive Programming : NV Contest 2026 April | B26: =LEFT(A26,FIND(":",A26)-1)
A27: Front-end development: NV Contests 2025 Q2 2026 | B27: LLD: Object Oriented Design and Analysis
A28: Front-end development: NV contest B1 2026 | B28: LLD: Practical Software Engineering and Design
A29: full-stack capstone: contest 2025 | B29: =LEFT(A29,FIND(":",A29)-1)
A30: Full-stack LLD and Development 1: NV B1 Q1 2026 | B30: =LEFT(A30,FIND(":",A30)-1)
A31: Full-stack LLD and Development 2: NV B1 Q1 2026 | B31: =LEFT(A31,FIND(":",A31)-1)
B32: Full-stack LLD and Development 3

Sheet DSML Contests
A1: NV DSML CONTEST
A2: Module Name | B2: Batch Name | C2: Attempt 1 | E2: Attempt 2 | G2: Attempt 3 | I2: Attempt 4 | K2: No. of Attempts | L2: Final Contest Deadline | M2: Days Remaining | N2: Contest Status
C3: Start Date | D3: End Date | E3: Start Date | F3: End Date | G3: Start Date | H3: End Date | I3: Start Date | J3: End Date
A4: Advanced Python | B4: Advanced Python: NV Contest June 2026 | C4: 46167.875 | D4: 46212.875 | K4: =COUNT(C4,E4,G4,I4) | L4: =IFERROR(MAX(C4:J4),"") | M4: =IFERROR(IF(L4="","",L4-TODAY()),"") | N4: =IFERROR(IF(L4="","",IF(L4<TODAY(),"Expired",IF(L4-TODAY()<=5,"Expiring Soon","Active"))),"")
A5: Advanced SQL | B5: Advanced SQL: NV Contest 2026 June | C5: 46167.875 | D5: 46212.875 | K5: =COUNT(C5,E5,G5,I5) | L5: =IFERROR(MAX(C5:J5),"") | M5: =IFERROR(IF(L5="","",L5-TODAY()),"") | N5: =IFERROR(IF(L5="","",IF(L5<TODAY(),"Expired",IF(L5-TODAY()<=5,"Expiring Soon","Active"))),"")
A6: Beginner Python 1 | B6: Beginner Python 1: NV Contest 2026 June | C6: 46167.875 | D6: 46212.875 | K6: =COUNT(C6,E6,G6,I6) | L6: =IFERROR(MAX(C6:J6),"") | M6: =IFERROR(IF(L6="","",L6-TODAY()),"") | N6: =IFERROR(IF(L6="","",IF(L6<TODAY(),"Expired",IF(L6-TODAY()<=5,"Expiring Soon","Active"))),"")
A7: Beginner Python 2 | B7: Beginner Python 2: NV Contest 2026 June | C7: 46167.875 | D7: 46212.875 | K7: =COUNT(C7,E7,G7,I7) | L7: =IFERROR(MAX(C7:J7),"") | M7: =IFERROR(IF(L7="","",L7-TODAY()),"") | N7: =IFERROR(IF(L7="","",IF(L7<TODAY(),"Expired",IF(L7-TODAY()<=5,"Expiring Soon","Active"))),"")
A8: Classical ML 1 | B8: Classical ML 1: NV Contest 2026 July | C8: 46188.875 | D8: 46203.938 | E8: 46204 | F8: 46218 | K8: =COUNT(C8,E8,G8,I8) | L8: =IFERROR(MAX(C8:J8),"") | M8: =IFERROR(IF(L8="","",L8-TODAY()),"") | N8: =IFERROR(IF(L8="","",IF(L8<TODAY(),"Expired",IF(L8-TODAY()<=5,"Expiring Soon","Active"))),"")
A9: Classical ML 2 | B9: Classical ML 2: NV Contest 2026 July | C9: 46188.875 | D9: 46203.999 | E9: 46204 | F9: 46218.999 | K9: =COUNT(C9,E9,G9,I9) | L9: =IFERROR(MAX(C9:J9),"") | M9: =IFERROR(IF(L9="","",L9-TODAY()),"") | N9: =IFERROR(IF(L9="","",IF(L9<TODAY(),"Expired",IF(L9-TODAY()<=5,"Expiring Soon","Active"))),"")
A10: Common Core Foundations | B10: Common Core Foundations: NV Contest 2026 June | C10: 46167.875 | D10: 46212.875 | K10: =COUNT(C10,E10,G10,I10) | L10: =IFERROR(MAX(C10:J10),"") | M10: =IFERROR(IF(L10="","",L10-TODAY()),"") | N10: =IFERROR(IF(L10="","",IF(L10<TODAY(),"Expired",IF(L10-TODAY()<=5,"Expiring Soon","Active"))),"")
A11: Common Core Maths | B11: Common Core Maths: NV Contest 2026 June | C11: 46167.875 | D11: 46212.875 | K11: =COUNT(C11,E11,G11,I11) | L11: =IFERROR(MAX(C11:J11),"") | M11: =IFERROR(IF(L11="","",L11-TODAY()),"") | N11: =IFERROR(IF(L11="","",IF(L11<TODAY(),"Expired",IF(L11-TODAY()<=5,"Expiring Soon","Active"))),"")
A12: Common Core Tools | B12: Common Core Tools: NV Contest 2026 June | C12: 46167.875 | D12: 46212.875 | K12: =COUNT(C12,E12,G12,I12) | L12: =IFERROR(MAX(C12:J12),"") | M12: =IFERROR(IF(L12="","",L12-TODAY()),"") | N12: =IFERROR(IF(L12="","",IF(L12<TODAY(),"Expired",IF(L12-TODAY()<=5,"Expiring Soon","Active"))),"")
A13: Computer Vision | B13: Computer Vision: NV Contest 2026 July | C13: 46188.875 | D13: 46203.875 | E13: 46204 | F13: 46213 | G13: 46213 | H13: 46223 | I13: 46223 | J13: 46244 | K13: =COUNT(C13,E13,G13,I13) | L13: =IFERROR(MAX(C13:J13),"") | M13: =IFERROR(IF(L13="","",L13-TODAY()),"") | N13: =IFERROR(IF(L13="","",IF(L13<TODAY(),"Expired",IF(L13-TODAY()<=5,"Expiring Soon","Active"))),"")
A14: DA ML 1 | B14: DA ML 1: NV Contest 2026 July | C14: 46188.875 | D14: 46203.958 | E14: 46204 | F14: 46218 | K14: =COUNT(C14,E14,G14,I14) | L14: =IFERROR(MAX(C14:J14),"") | M14: =IFERROR(IF(L14="","",L14-TODAY()),"") | N14: =IFERROR(IF(L14="","",IF(L14<TODAY(),"Expired",IF(L14-TODAY()<=5,"Expiring Soon","Active"))),"")
A15: DA ML 2 | B15: DA ML 2: NV Contest 2026 June | C15: 46167.875 | D15: 46212.875 | K15: =COUNT(C15,E15,G15,I15) | L15: =IFERROR(MAX(C15:J15),"") | M15: =IFERROR(IF(L15="","",L15-TODAY()),"") | N15: =IFERROR(IF(L15="","",IF(L15<TODAY(),"Expired",IF(L15-TODAY()<=5,"Expiring Soon","Active"))),"")
A16: Data Analytics and Visualisation - Fundamentals | B16: Data Analytics and Visualisation - Fundamentals: NV Contest 2026 June | C16: 46167.875 | D16: 46212.875 | K16: =COUNT(C16,E16,G16,I16) | L16: =IFERROR(MAX(C16:J16),"") | M16: =IFERROR(IF(L16="","",L16-TODAY()),"") | N16: =IFERROR(IF(L16="","",IF(L16<TODAY(),"Expired",IF(L16-TODAY()<=5,"Expiring Soon","Active"))),"")
A17: Data Analytics and Visualisation - Probability and Statistics | B17: Data Analytics and Visualisation - Probability and Statistics: NV Contest 2026 July | C17: 46188.875 | D17: 46203.999 | E17: 46204 | F17: 46218.999 | K17: =COUNT(C17,E17,G17,I17) | L17: =IFERROR(MAX(C17:J17),"") | M17: =IFERROR(IF(L17="","",L17-TODAY()),"") | N17: =IFERROR(IF(L17="","",IF(L17<TODAY(),"Expired",IF(L17-TODAY()<=5,"Expiring Soon","Active"))),"")
A18: Data Analytics and Visualisation - Python Libraries | B18: Data Analytics and Visualisation - Python Libraries: NV Contest July 2026 | C18: 46188.875 | D18: 46203.999 | E18: 46204 | F18: 46218.999 | K18: =COUNT(C18,E18,G18,I18) | L18: =IFERROR(MAX(C18:J18),"") | M18: =IFERROR(IF(L18="","",L18-TODAY()),"") | N18: =IFERROR(IF(L18="","",IF(L18<TODAY(),"Expired",IF(L18-TODAY()<=5,"Expiring Soon","Active"))),"")
A19: Intro to ML and NN | B19: Intro to ML and NN: NV Contest 2026 July | C19: 46188.875 | D19: 46203.958 | E19: 46204 | F19: 46218 | K19: =COUNT(C19,E19,G19,I19) | L19: =IFERROR(MAX(C19:J19),"") | M19: =IFERROR(IF(L19="","",L19-TODAY()),"") | N19: =IFERROR(IF(L19="","",IF(L19<TODAY(),"Expired",IF(L19-TODAY()<=5,"Expiring Soon","Active"))),"")
A20: Introduction to Problem Solving (Intermediate) 1 | B20: Introduction to Problem Solving (Intermediate) 1: NV Contest 2026 June | C20: 46167.875 | D20: 46183.938 | E20: 46183 | F20: 46193 | G20: 46193 | H20: 46200 | I20: 46200 | J20: 46212 | K20: =COUNT(C20,E20,G20,I20) | L20: =IFERROR(MAX(C20:J20),"") | M20: =IFERROR(IF(L20="","",L20-TODAY()),"") | N20: =IFERROR(IF(L20="","",IF(L20<TODAY(),"Expired",IF(L20-TODAY()<=5,"Expiring Soon","Active"))),"")
A21: Introduction to Problem Solving (Intermediate) 2 | B21: Introduction to Problem Solving (Intermediate) 2: NV Contest 2026 June | C21: 46167.875 | D21: 46183.875 | E21: 46183 | F21: 46183 | G21: 46193 | H21: 46200 | I21: 46200 | J21: 46212 | K21: =COUNT(C21,E21,G21,I21) | L21: =IFERROR(MAX(C21:J21),"") | M21: =IFERROR(IF(L21="","",L21-TODAY()),"") | N21: =IFERROR(IF(L21="","",IF(L21<TODAY(),"Expired",IF(L21-TODAY()<=5,"Expiring Soon","Active"))),"")
A22: Maths for ML | B22: Maths for ML: NV Contest 2026 July | C22: 46188.875 | D22: 46203.999 | E22: 46204 | F22: 46218.999 | K22: =COUNT(C22,E22,G22,I22) | L22: =IFERROR(MAX(C22:J22),"") | M22: =IFERROR(IF(L22="","",L22-TODAY()),"") | N22: =IFERROR(IF(L22="","",IF(L22<TODAY(),"Expired",IF(L22-TODAY()<=5,"Expiring Soon","Active"))),"")
A23: ML : Supervised Algorithms | B23: ML : Supervised Algorithms: NV Contest 2026 July | C23: 46188.875 | D23: 46203.999 | E23: 46204 | F23: 46218.999 | K23: =COUNT(C23,E23,G23,I23) | L23: =IFERROR(MAX(C23:J23),"") | M23: =IFERROR(IF(L23="","",L23-TODAY()),"") | N23: =IFERROR(IF(L23="","",IF(L23<TODAY(),"Expired",IF(L23-TODAY()<=5,"Expiring Soon","Active"))),"")
A24: ML: Adv Supervised Algorithms | B24: ML: Adv Supervised Algorithms: NV Contest 2026 July | C24: 46188.875 | D24: 46203.999 | E24: 46204 | F24: 46218.999 | K24: =COUNT(C24,E24,G24,I24) | L24: =IFERROR(MAX(C24:J24),"") | M24: =IFERROR(IF(L24="","",L24-TODAY()),"") | N24: =IFERROR(IF(L24="","",IF(L24<TODAY(),"Expired",IF(L24-TODAY()<=5,"Expiring Soon","Active"))),"")
A25: ML: Unsupervised and RecSys | B25: ML: Unsupervised and RecSys: NV Contest 2026 July | C25: 46188.875 | D25: 46203.999 | E25: 46204 | F25: 46218.999 | K25: =COUNT(C25,E25,G25,I25) | L25: =IFERROR(MAX(C25:J25),"") | M25: =IFERROR(IF(L25="","",L25-TODAY()),"") | N25: =IFERROR(IF(L25="","",IF(L25<TODAY(),"Expired",IF(L25-TODAY()<=5,"Expiring Soon","Active"))),"")
A26: MLOps | B26: MLOps: NV Contest 2026 June | C26: 46167.875 | D26: 46212.875 | K26: =COUNT(C26,E26,G26,I26) | L26: =IFERROR(MAX(C26:J26),"") | M26: =IFERROR(IF(L26="","",L26-TODAY()),"") | N26: =IFERROR(IF(L26="","",IF(L26<TODAY(),"Expired",IF(L26-TODAY()<=5,"Expiring Soon","Active"))),"")
A27: Natural Language Processing | B27: Natural Language Processing: NV Contest 2026 June | C27: 46167.875 | D27: 46212.875 | K27: =COUNT(C27,E27,G27,I27) | L27: =IFERROR(MAX(C27:J27),"") | M27: =IFERROR(IF(L27="","",L27-TODAY()),"") | N27: =IFERROR(IF(L27="","",IF(L27<TODAY(),"Expired",IF(L27-TODAY()<=5,"Expiring Soon","Active"))),"")
A28: Neural Networks | B28: Neural Networks: NV Contest June 2026 | C28: 46167.875 | D28: 46212.875 | K28: =COUNT(C28,E28,G28,I28) | L28: =IFERROR(MAX(C28:J28),"") | M28: =IFERROR(IF(L28="","",L28-TODAY()),"") | N28: =IFERROR(IF(L28="","",IF(L28<TODAY(),"Expired",IF(L28-TODAY()<=5,"Expiring Soon","Active"))),"")
A29: Product analytics | B29: Product Analytics: NV Contest June 2026 | C29: 46167.875 | D29: 46212.875 | K29: =COUNT(C29,E29,G29,I29) | L29: =IFERROR(MAX(C29:J29),"") | M29: =IFERROR(IF(L29="","",L29-TODAY()),"") | N29: =IFERROR(IF(L29="","",IF(L29<TODAY(),"Expired",IF(L29-TODAY()<=5,"Expiring Soon","Active"))),"")
A30: SQL | B30: SQL: NV Contest 2026 July | C30: 46188.875 | D30: 46203.999 | E30: 46204 | F30: 46218.999 | K30: =COUNT(C30,E30,G30,I30) | L30: =IFERROR(MAX(C30:J30),"") | M30: =IFERROR(IF(L30="","",L30-TODAY()),"") | N30: =IFERROR(IF(L30="","",IF(L30<TODAY(),"Expired",IF(L30-TODAY()<=5,"Expiring Soon","Active"))),"")
A31: Tableau and Excel | B31: Tableau and Excel: NV Contest 2026 July | C31: 46188.875 | D31: 46233.875 | K31: =COUNT(C31,E31,G31,I31) | L31: =IFERROR(MAX(C31:J31),"") | M31: =IFERROR(IF(L31="","",L31-TODAY()),"") | N31: =IFERROR(IF(L31="","",IF(L31<TODAY(),"Expired",IF(L31-TODAY()<=5,"Expiring Soon","Active"))),"")

Sheet DevOps Contests
A1: Batch names | B1: Start Date & Time: | C1: End Date & Time | D1: Attempt 2 Test id | E1: Start Date & Time: | F1: End Date & Time | G1: Attempt 3 test ID | H1: Start Date & Time: | I1: End Date & Time | J1: Attempt 4 Test id | K1: Start Date & Time: | L1: End Date & Time
A2: Data Structure Algorithms 1 : NV Contest Q2 2026 | B2: 13 Apr 2026, Mon, 9:00 pm | C2: 13 May 2026, Wed, 10:30 pm | E2: 13 May 2026, Wed, 12:00 am | F2: 13 Jun 2026, Sat, 12:00 am
A3: Devops: Beginner Python (New) : NV Contest Q2 2026 | B3: 46126.875 | C3: 46156.875
A4: DevOps: Linux 1 : NV Contest Q2 2026 | B4: 26 Apr 2026, Sun, 1:15 pm | C4: 3 May 2026, Sun, 2:15 pm | E4: 5 May 2026, Tue, 12:00 am | F4: 12 May 2026, Tue, 12:00 am
A5: DevOps: Linux 2 : NV Contest Q2 2026 | B5: 26 Apr 2026, Sun, 1:05 pm | C5: 3 May 2026, Sun, 1:05 pm | E5: 15 Apr 2026, Wed, 12:00 am | F5: 22 Apr 2026, Wed, 12:00 am
A6: DevOps: DevOps Tools 1 : NV Contest Q2 2026 | B6: 46126.875 | C6: 46156.958 | E6: 46157 | F6: 46188
A7: DevOps: DevOps Tools 2 : NV Contest Q2 2026 | B7: 46126.875 | C7: 46156.958 | E7: 46157 | F7: 46188 | H7: 46188 | I7: 46218
A8: DevOps: Career Readiness Contest : NV Contest Q2 2026 | B8: 46126.875 | C8: 46156.875
A9: AWS 1 : NV Contest Q2 2026 | B9: Questions arent added yet
A10: AWS 2 : NV Contest Q2 2026 | B10: Questions arent added yet
A11: DevOps: DSA 3 & 4 (New) : NV Contest Q2 2026
A12: DevOps: DSA 4 : NV Contest Q2 2026
A13: Devops: Data Structure Algorithms 2 : NV Contest Q2 2026 | B13: 46126.875 | C13: 46156.938 | E13: 46157 | F13: 46188 | H13: 46188 | I13: 46218 | K13: 46218 | L13: 46249
A14: DevOps: Linux 1 : NV Contests May 2026 | B14: 21 May 2026, Thu, 9:00 pm | C14: 21 May 2026, Thu, 10:00 pm | E14: 22 May 2026, Fri, 12:00 am | F14: 29 May 2026, Fri, 12:00 am
A15: Linux Shell Scripting and Computer Systems 2: NV Contest June 2026 2
A16: Linux Shell Scripting and Computer Systems 1: NV Contest June 2026

Sheet DevOps Contests - In progress
A1: NV DevOps CONTEST
A2: Module Name | B2: Batch Name | C2: Attempt 1 | E2: Attempt 2 | G2: Attempt 3 | I2: Attempt 4 | K2: No. of Attempts | L2: Final Contest Deadline | M2: Days Remaining | N2: Contest Status
C3: Start Date | D3: End Date | E3: Start Date | F3: End Date | G3: Start Date | H3: End Date | I3: Start Date | J3: End Date
A4: AWS 1 | B4: AWS 1 : NV Contest June 2026 | C4: 15 Jun 2026, Mon, 9:00 pm | D4: 30 Jun 2026, Tue, 11:00 pm | E4: 46204 | F4: 46218 | K4: =COUNT(C4,E4,G4,I4) | L4: =IFERROR(MAX(C4:J4),"") | M4: =IFERROR(IF(L4="","",L4-TODAY()),"") | N4: =IFERROR(IF(L4="","",IF(L4<TODAY(),"Expired",IF(L4-TODAY()<=5,"Expiring Soon","Active"))),"")
A5: AWS 2 | B5: AWS 2 : NV Contest June 2026 | K5: =COUNT(C5,E5,G5,I5) | L5: =IFERROR(MAX(C5:J5),"") | M5: =IFERROR(IF(L5="","",L5-TODAY()),"") | N5: =IFERROR(IF(L5="","",IF(L5<TODAY(),"Expired",IF(L5-TODAY()<=5,"Expiring Soon","Active"))),"")
A6: Beginner Python | B6: Devops: Beginner Python : NV Contest June 2026 | K6: =COUNT(C6,E6,G6,I6) | L6: =IFERROR(MAX(C6:J6),"") | M6: =IFERROR(IF(L6="","",L6-TODAY()),"") | N6: =IFERROR(IF(L6="","",IF(L6<TODAY(),"Expired",IF(L6-TODAY()<=5,"Expiring Soon","Active"))),"")
A7: Career Readiness | B7: Career Readiness: NV Contest June 2026 | K7: =COUNT(C7,E7,G7,I7) | L7: =IFERROR(MAX(C7:J7),"") | M7: =IFERROR(IF(L7="","",L7-TODAY()),"") | N7: =IFERROR(IF(L7="","",IF(L7<TODAY(),"Expired",IF(L7-TODAY()<=5,"Expiring Soon","Active"))),"")
A8: Data Structure Algorithms 1 | B8: Data Structure Algorithms 1: NV Contest June 2026 | K8: =COUNT(C8,E8,G8,I8) | L8: =IFERROR(MAX(C8:J8),"") | M8: =IFERROR(IF(L8="","",L8-TODAY()),"") | N8: =IFERROR(IF(L8="","",IF(L8<TODAY(),"Expired",IF(L8-TODAY()<=5,"Expiring Soon","Active"))),"")
A9: Data Structure Algorithms 2 | B9: Data Structure Algorithms 2: NV Contest June 2026
A10: DevOps Tools 1 | B10: DevOps Tools 1: NV Contest June 2026 | K10: =COUNT(C10,E10,G10,I10) | L10: =IFERROR(MAX(C10:J10),"") | M10: =IFERROR(IF(L10="","",L10-TODAY()),"") | N10: =IFERROR(IF(L10="","",IF(L10<TODAY(),"Expired",IF(L10-TODAY()<=5,"Expiring Soon","Active"))),"")
A11: DevOps Tools 2 | B11: DevOps Tools 2: NV Contest June 2026 | K11: =COUNT(C11,E11,G11,I11) | L11: =IFERROR(MAX(C11:J11),"") | M11: =IFERROR(IF(L11="","",L11-TODAY()),"") | N11: =IFERROR(IF(L11="","",IF(L11<TODAY(),"Expired",IF(L11-TODAY()<=5,"Expiring Soon","Active"))),"")
A12: Linux Shell Scripting and Computer Systems 1 | B12: Linux Shell Scripting and Computer Systems 1: NV Contest June 2026 | K12: =COUNT(C12,E12,G12,I12) | L12: =IFERROR(MAX(C12:J12),"") | M12: =IFERROR(IF(L12="","",L12-TODAY()),"") | N12: =IFERROR(IF(L12="","",IF(L12<TODAY(),"Expired",IF(L12-TODAY()<=5,"Expiring Soon","Active"))),"")
A13: Linux Shell Scripting and Computer Systems 2 | B13: Linux Shell Scripting and Computer Systems 2: NV Contest July2026 | K13: =COUNT(C13,E13,G13,I13) | L13: =IFERROR(MAX(C13:J13),"") | M13: =IFERROR(IF(L13="","",L13-TODAY()),"") | N13: =IFERROR(IF(L13="","",IF(L13<TODAY(),"Expired",IF(L13-TODAY()<=5,"Expiring Soon","Active"))),"")

Sheet Academy
A1: Module names | B1: Test ids | C1: Reattempt 1 | D1: Start Date | E1: End date | F1: Extended date 1 | G1: Extended date 2 | H1: Extended date 3 | I1: Total Learners | J1: Not attempted | K1: Learners Attempted | L1: Paased learners | M1: Failed Learners | N1: Attempt(%)
A2: Introduction to Programming (Beginner) 1 | B2: =VLOOKUP(A2,Sheet79!A:G,7,0) | C2: =VLOOKUP(A2,Sheet79!A:H,8,0) | D2: =VLOOKUP(B2,'Academy Raw dump_27June'!B:C,2,0) | E2: =VLOOKUP(B2,'Academy Raw dump_27June'!B:D,3,0) | I2: =K2+J2 | J2: =countifs('Academy Raw dump_27June'!H:H,"Not Attempted",'Academy Raw dump_27June'!E:E,A2) | K2: =COUNTIFS('Academy Raw dump_27June'!H:H,"Attempted",'Academy Raw dump_27June'!E:E,A2) | L2: =COUNTIFS('Academy Raw dump_27June'!I:I,">59",'Academy Raw dump_27June'!E:E,A2) | M2: =K2-L2 | N2: =K2/I2
A3: Introduction to Problem Solving (Intermediate) 2 | B3: =VLOOKUP(A3,Sheet79!A:G,7,0) | C3: =VLOOKUP(A3,Sheet79!A:H,8,0) | D3: =VLOOKUP(B3,'Academy Raw dump_27June'!B:C,2,0) | E3: =VLOOKUP(B3,'Academy Raw dump_27June'!B:D,3,0) | I3: =K3+J3 | J3: =countifs('Academy Raw dump_27June'!H:H,"Not Attempted",'Academy Raw dump_27June'!E:E,A3) | K3: =COUNTIFS('Academy Raw dump_27June'!H:H,"Attempted",'Academy Raw dump_27June'!E:E,A3) | L3: =COUNTIFS('Academy Raw dump_27June'!I:I,">59",'Academy Raw dump_27June'!E:E,A3) | M3: =K3-L3 | N3: =K3/I3
A4: Backend LLD and Development 3 | B4: =VLOOKUP(A4,Sheet79!A:G,7,0) | C4: =VLOOKUP(A4,Sheet79!A:H,8,0) | D4: =VLOOKUP(B4,'Academy Raw dump_27June'!B:C,2,0) | E4: =VLOOKUP(B4,'Academy Raw dump_27June'!B:D,3,0) | I4: =K4+J4 | J4: =countifs('Academy Raw dump_27June'!H:H,"Not Attempted",'Academy Raw dump_27June'!E:E,A4) | K4: =COUNTIFS('Academy Raw dump_27June'!H:H,"Attempted",'Academy Raw dump_27June'!E:E,A4) | L4: =COUNTIFS('Academy Raw dump_27June'!I:I,">59",'Academy Raw dump_27June'!E:E,A4) | M4: =K4-L4 | N4: =K4/I4
A5: DSA for Competitive Programming | B5: =VLOOKUP(A5,Sheet79!A:G,7,0) | C5: =VLOOKUP(A5,Sheet79!A:H,8,0) | D5: =VLOOKUP(B5,'Academy Raw dump_27June'!B:C,2,0) | E5: =VLOOKUP(B5,'Academy Raw dump_27June'!B:D,3,0) | I5: =K5+J5 | J5: =countifs('Academy Raw dump_27June'!H:H,"Not Attempted",'Academy Raw dump_27June'!E:E,A5) | K5: =COUNTIFS('Academy Raw dump_27June'!H:H,"Attempted",'Academy Raw dump_27June'!E:E,A5) | L5: =COUNTIFS('Academy Raw dump_27June'!I:I,">59",'Academy Raw dump_27June'!E:E,A5) | M5: =K5-L5 | N5: =K5/I5
A6: Computer Systems and Fundamentals | B6: =VLOOKUP(A6,Sheet79!A:G,7,0) | C6: =VLOOKUP(A6,Sheet79!A:H,8,0) | D6: =VLOOKUP(B6,'Academy Raw dump_27June'!B:C,2,0) | E6: =VLOOKUP(B6,'Academy Raw dump_27June'!B:D,3,0) | I6: =K6+J6 | J6: =countifs('Academy Raw dump_27June'!H:H,"Not Attempted",'Academy Raw dump_27June'!E:E,A6) | K6: =COUNTIFS('Academy Raw dump_27June'!H:H,"Attempted",'Academy Raw dump_27June'!E:E,A6) | L6: =COUNTIFS('Academy Raw dump_27June'!I:I,">59",'Academy Raw dump_27June'!E:E,A6) | M6: =K6-L6 | N6: =K6/I6
A7: Advanced DSA 4 | B7: =VLOOKUP(A7,Sheet79!A:G,7,0) | C7: =VLOOKUP(A7,Sheet79!A:H,8,0) | D7: =VLOOKUP(B7,'Academy Raw dump_27June'!B:C,2,0) | E7: =VLOOKUP(B7,'Academy Raw dump_27June'!B:D,3,0) | I7: =K7+J7 | J7: =countifs('Academy Raw dump_27June'!H:H,"Not Attempted",'Academy Raw dump_27June'!E:E,A7) | K7: =COUNTIFS('Academy Raw dump_27June'!H:H,"Attempted",'Academy Raw dump_27June'!E:E,A7) | L7: =COUNTIFS('Academy Raw dump_27June'!I:I,">59",'Academy Raw dump_27June'!E:E,A7) | M7: =K7-L7 | N7: =K7/I7
A8: Full-stack LLD and Development 1 | B8: =VLOOKUP(A8,Sheet79!A:G,7,0) | C8: =VLOOKUP(A8,Sheet79!A:H,8,0) | D8: =VLOOKUP(B8,'Academy Raw dump_27June'!B:C,2,0) | E8: =VLOOKUP(B8,'Academy Raw dump_27June'!B:D,3,0) | I8: =K8+J8 | J8: =countifs('Academy Raw dump_27June'!H:H,"Not Attempted",'Academy Raw dump_27June'!E:E,A8) | K8: =COUNTIFS('Academy Raw dump_27June'!H:H,"Attempted",'Academy Raw dump_27June'!E:E,A8) | L8: =COUNTIFS('Academy Raw dump_27June'!I:I,">59",'Academy Raw dump_27June'!E:E,A8) | M8: =K8-L8 | N8: =K8/I8
A9: Advanced DSA 1 | B9: =VLOOKUP(A9,Sheet79!A:G,7,0) | C9: =VLOOKUP(A9,Sheet79!A:H,8,0) | D9: =VLOOKUP(B9,'Academy Raw dump_27June'!B:C,2,0) | E9: =VLOOKUP(B9,'Academy Raw dump_27June'!B:D,3,0) | I9: =K9+J9 | J9: =countifs('Academy Raw dump_27June'!H:H,"Not Attempted",'Academy Raw dump_27June'!E:E,A9) | K9: =COUNTIFS('Academy Raw dump_27June'!H:H,"Attempted",'Academy Raw dump_27June'!E:E,A9) | L9: =COUNTIFS('Academy Raw dump_27June'!I:I,">59",'Academy Raw dump_27June'!E:E,A9) | M9: =K9-L9 | N9: =K9/I9
A10: Backend LLD and Development 2 | B10: =VLOOKUP(A10,Sheet79!A:G,7,0) | C10: =VLOOKUP(A10,Sheet79!A:H,8,0) | D10: =VLOOKUP(B10,'Academy Raw dump_27June'!B:C,2,0) | E10: =VLOOKUP(B10,'Academy Raw dump_27June'!B:D,3,0) | I10: =K10+J10 | J10: =countifs('Academy Raw dump_27June'!H:H,"Not Attempted",'Academy Raw dump_27June'!E:E,A10) | K10: =COUNTIFS('Academy Raw dump_27June'!H:H,"Attempted",'Academy Raw dump_27June'!E:E,A10) | L10: =COUNTIFS('Academy Raw dump_27June'!I:I,">59",'Academy Raw dump_27June'!E:E,A10) | M10: =K10-L10 | N10: =K10/I10
A11: Introduction to Problem Solving (Intermediate) 1 | B11: =VLOOKUP(A11,Sheet79!A:G,7,0) | C11: =VLOOKUP(A11,Sheet79!A:H,8,0) | D11: =VLOOKUP(B11,'Academy Raw dump_27June'!B:C,2,0) | E11: =VLOOKUP(B11,'Academy Raw dump_27June'!B:D,3,0) | I11: =K11+J11 | J11: =countifs('Academy Raw dump_27June'!H:H,"Not Attempted",'Academy Raw dump_27June'!E:E,A11) | K11: =COUNTIFS('Academy Raw dump_27June'!H:H,"Attempted",'Academy Raw dump_27June'!E:E,A11) | L11: =COUNTIFS('Academy Raw dump_27June'!I:I,">59",'Academy Raw dump_27June'!E:E,A11) | M11: =K11-L11 | N11: =K11/I11
A12: Full-stack LLD and Development 3 | B12: =VLOOKUP(A12,Sheet79!A:G,7,0) | C12: =VLOOKUP(A12,Sheet79!A:H,8,0) | D12: =VLOOKUP(B12,'Academy Raw dump_27June'!B:C,2,0) | E12: =VLOOKUP(B12,'Academy Raw dump_27June'!B:D,3,0) | I12: =K12+J12 | J12: =countifs('Academy Raw dump_27June'!H:H,"Not Attempted",'Academy Raw dump_27June'!E:E,A12) | K12: =COUNTIFS('Academy Raw dump_27June'!H:H,"Attempted",'Academy Raw dump_27June'!E:E,A12) | L12: =COUNTIFS('Academy Raw dump_27June'!I:I,">59",'Academy Raw dump_27June'!E:E,A12) | M12: =K12-L12 | N12: =K12/I12
A13: High Level Design | B13: =VLOOKUP(A13,Sheet79!A:G,7,0) | C13: =VLOOKUP(A13,Sheet79!A:H,8,0) | D13: =VLOOKUP(B13,'Academy Raw dump_27June'!B:C,2,0) | E13: =VLOOKUP(B13,'Academy Raw dump_27June'!B:D,3,0) | I13: =K13+J13 | J13: =countifs('Academy Raw dump_27June'!H:H,"Not Attempted",'Academy Raw dump_27June'!E:E,A13) | K13: =COUNTIFS('Academy Raw dump_27June'!H:H,"Attempted",'Academy Raw dump_27June'!E:E,A13) | L13: =COUNTIFS('Academy Raw dump_27June'!I:I,">59",'Academy Raw dump_27June'!E:E,A13) | M13: =K13-L13 | N13: =K13/I13
A14: Product Management for Software Engineers | B14: =VLOOKUP(A14,Sheet79!A:G,7,0) | C14: =VLOOKUP(A14,Sheet79!A:H,8,0) | D14: =VLOOKUP(B14,'Academy Raw dump_27June'!B:C,2,0) | E14: =VLOOKUP(B14,'Academy Raw dump_27June'!B:D,3,0) | I14: =K14+J14 | J14: =countifs('Academy Raw dump_27June'!H:H,"Not Attempted",'Academy Raw dump_27June'!E:E,A14) | K14: =COUNTIFS('Academy Raw dump_27June'!H:H,"Attempted",'Academy Raw dump_27June'!E:E,A14) | L14: =COUNTIFS('Academy Raw dump_27June'!I:I,">59",'Academy Raw dump_27June'!E:E,A14) | M14: =K14-L14 | N14: =K14/I14
A15: Front-end Development | B15: =VLOOKUP(A15,Sheet79!A:G,7,0) | C15: lld 3 | D15: =VLOOKUP(B15,'Academy Raw dump_27June'!B:C,2,0) | E15: =VLOOKUP(B15,'Academy Raw dump_27June'!B:D,3,0) | I15: =K15+J15 | J15: =countifs('Academy Raw dump_27June'!H:H,"Not Attempted",'Academy Raw dump_27June'!E:E,A15) | K15: =COUNTIFS('Academy Raw dump_27June'!H:H,"Attempted",'Academy Raw dump_27June'!E:E,A15) | L15: =COUNTIFS('Academy Raw dump_27June'!I:I,">59",'Academy Raw dump_27June'!E:E,A15) | M15: =K15-L15 | N15: =K15/I15
A16: Data Engineering | B16: =VLOOKUP(A16,Sheet79!A:G,7,0) | C16: =VLOOKUP(A16,Sheet79!A:H,8,0) | D16: =VLOOKUP(B16,'Academy Raw dump_27June'!B:C,2,0) | E16: =VLOOKUP(B16,'Academy Raw dump_27June'!B:D,3,0) | I16: =K16+J16 | J16: =countifs('Academy Raw dump_27June'!H:H,"Not Attempted",'Academy Raw dump_27June'!E:E,A16) | K16: =COUNTIFS('Academy Raw dump_27June'!H:H,"Attempted",'Academy Raw dump_27June'!E:E,A16) | L16: =COUNTIFS('Academy Raw dump_27June'!I:I,">59",'Academy Raw dump_27June'!E:E,A16) | M16: =K16-L16 | N16: =K16/I16
A17: Backend LLD and Development 1 | B17: =VLOOKUP(A17,Sheet79!A:G,7,0) | C17: =VLOOKUP(A17,Sheet79!A:H,8,0) | D17: =VLOOKUP(B17,'Academy Raw dump_27June'!B:C,2,0) | E17: =VLOOKUP(B17,'Academy Raw dump_27June'!B:D,3,0) | I17: =K17+J17 | J17: =countifs('Academy Raw dump_27June'!H:H,"Not Attempted",'Academy Raw dump_27June'!E:E,A17) | K17: =COUNTIFS('Academy Raw dump_27June'!H:H,"Attempted",'Academy Raw dump_27June'!E:E,A17) | L17: =COUNTIFS('Academy Raw dump_27June'!I:I,">59",'Academy Raw dump_27June'!E:E,A17) | M17: =K17-L17 | N17: =K17/I17
A18: Advanced DSA 2 | B18: =VLOOKUP(A18,Sheet79!A:G,7,0) | C18: =VLOOKUP(A18,Sheet79!A:H,8,0) | D18: =VLOOKUP(B18,'Academy Raw dump_27June'!B:C,2,0) | E18: =VLOOKUP(B18,'Academy Raw dump_27June'!B:D,3,0) | I18: =K18+J18 | J18: =countifs('Academy Raw dump_27June'!H:H,"Not Attempted",'Academy Raw dump_27June'!E:E,A18) | K18: =COUNTIFS('Academy Raw dump_27June'!H:H,"Attempted",'Academy Raw dump_27June'!E:E,A18) | L18: =COUNTIFS('Academy Raw dump_27June'!I:I,">59",'Academy Raw dump_27June'!E:E,A18) | M18: =K18-L18 | N18: =K18/I18
A19: Full-stack LLD and Development 2 | B19: =VLOOKUP(A19,Sheet79!A:G,7,0) | C19: =VLOOKUP(A19,Sheet79!A:H,8,0) | D19: =VLOOKUP(B19,'Academy Raw dump_27June'!B:C,2,0) | E19: =VLOOKUP(B19,'Academy Raw dump_27June'!B:D,3,0) | I19: =K19+J19 | J19: =countifs('Academy Raw dump_27June'!H:H,"Not Attempted",'Academy Raw dump_27June'!E:E,A19) | K19: =COUNTIFS('Academy Raw dump_27June'!H:H,"Attempted",'Academy Raw dump_27June'!E:E,A19) | L19: =COUNTIFS('Academy Raw dump_27June'!I:I,">59",'Academy Raw dump_27June'!E:E,A19) | M19: =K19-L19 | N19: =K19/I19
A20: LLD: Object Oriented Design and Analysis | B20: =VLOOKUP(A20,Sheet79!A:G,7,0) | C20: =VLOOKUP(A20,Sheet79!A:H,8,0) | D20: =VLOOKUP(B20,'Academy Raw dump_27June'!B:C,2,0) | E20: =VLOOKUP(B20,'Academy Raw dump_27June'!B:D,3,0) | I20: =K20+J20 | J20: =countifs('Academy Raw dump_27June'!H:H,"Not Attempted",'Academy Raw dump_27June'!E:E,A20) | K20: =COUNTIFS('Academy Raw dump_27June'!H:H,"Attempted",'Academy Raw dump_27June'!E:E,A20) | L20: =COUNTIFS('Academy Raw dump_27June'!I:I,">59",'Academy Raw dump_27June'!E:E,A20) | M20: =K20-L20 | N20: =K20/I20
A21: Back-end Development | B21: =VLOOKUP(A21,Sheet79!A:G,7,0) | C21: =VLOOKUP(A21,Sheet79!A:H,8,0) | D21: =VLOOKUP(B21,'Academy Raw dump_27June'!B:C,2,0) | E21: =VLOOKUP(B21,'Academy Raw dump_27June'!B:D,3,0) | I21: =K21+J21 | J21: =countifs('Academy Raw dump_27June'!H:H,"Not Attempted",'Academy Raw dump_27June'!E:E,A21) | K21: =COUNTIFS('Academy Raw dump_27June'!H:H,"Attempted",'Academy Raw dump_27June'!E:E,A21) | L21: =COUNTIFS('Academy Raw dump_27June'!I:I,">59",'Academy Raw dump_27June'!E:E,A21) | M21: =K21-L21 | N21: =K21/I21
A22: Introduction to Programming (Beginner) 2 | B22: =VLOOKUP(A22,Sheet79!A:G,7,0) | C22: =VLOOKUP(A22,Sheet79!A:H,8,0) | D22: =VLOOKUP(B22,'Academy Raw dump_27June'!B:C,2,0) | E22: =VLOOKUP(B22,'Academy Raw dump_27June'!B:D,3,0) | I22: =K22+J22 | J22: =countifs('Academy Raw dump_27June'!H:H,"Not Attempted",'Academy Raw dump_27June'!E:E,A22) | K22: =COUNTIFS('Academy Raw dump_27June'!H:H,"Attempted",'Academy Raw dump_27June'!E:E,A22) | L22: =COUNTIFS('Academy Raw dump_27June'!I:I,">59",'Academy Raw dump_27June'!E:E,A22) | M22: =K22-L22 | N22: =K22/I22
A23: Data Structure Algorithms 1 | B23: =VLOOKUP(A23,Sheet79!A:G,7,0) | C23: =VLOOKUP(A23,Sheet79!A:H,8,0) | D23: =VLOOKUP(B23,'Academy Raw dump_27June'!B:C,2,0) | E23: =VLOOKUP(B23,'Academy Raw dump_27June'!B:D,3,0) | I23: =K23+J23 | J23: =countifs('Academy Raw dump_27June'!H:H,"Not Attempted",'Academy Raw dump_27June'!E:E,A23) | K23: =COUNTIFS('Academy Raw dump_27June'!H:H,"Attempted",'Academy Raw dump_27June'!E:E,A23) | L23: =COUNTIFS('Academy Raw dump_27June'!I:I,">59",'Academy Raw dump_27June'!E:E,A23) | M23: =K23-L23 | N23: =K23/I23
A24: Data Structure Algorithms 2 | B24: =VLOOKUP(A24,Sheet79!A:G,7,0) | C24: =VLOOKUP(A24,Sheet79!A:H,8,0) | D24: =VLOOKUP(B24,'Academy Raw dump_27June'!B:C,2,0) | E24: =VLOOKUP(B24,'Academy Raw dump_27June'!B:D,3,0) | I24: =K24+J24 | J24: =countifs('Academy Raw dump_27June'!H:H,"Not Attempted",'Academy Raw dump_27June'!E:E,A24) | K24: =COUNTIFS('Academy Raw dump_27June'!H:H,"Attempted",'Academy Raw dump_27June'!E:E,A24) | L24: =COUNTIFS('Academy Raw dump_27June'!I:I,">59",'Academy Raw dump_27June'!E:E,A24) | M24: =K24-L24 | N24: =K24/I24
A25: Data Structure Algorithms 3 | B25: =VLOOKUP(A25,Sheet79!A:G,7,0) | C25: =VLOOKUP(A25,Sheet79!A:H,8,0) | D25: =VLOOKUP(B25,'Academy Raw dump_27June'!B:C,2,0) | E25: =VLOOKUP(B25,'Academy Raw dump_27June'!B:D,3,0) | I25: =K25+J25 | J25: =countifs('Academy Raw dump_27June'!H:H,"Not Attempted",'Academy Raw dump_27June'!E:E,A25) | K25: =COUNTIFS('Academy Raw dump_27June'!H:H,"Attempted",'Academy Raw dump_27June'!E:E,A25) | L25: =COUNTIFS('Academy Raw dump_27June'!I:I,">59",'Academy Raw dump_27June'!E:E,A25) | M25: =K25-L25 | N25: =K25/I25
A26: Data Structure Algorithms 4 | B26: =VLOOKUP(A26,Sheet79!A:G,7,0) | C26: =VLOOKUP(A26,Sheet79!A:H,8,0) | D26: =VLOOKUP(B26,'Academy Raw dump_27June'!B:C,2,0) | E26: =VLOOKUP(B26,'Academy Raw dump_27June'!B:D,3,0) | I26: =K26+J26 | J26: =countifs('Academy Raw dump_27June'!H:H,"Not Attempted",'Academy Raw dump_27June'!E:E,A26) | K26: =COUNTIFS('Academy Raw dump_27June'!H:H,"Attempted",'Academy Raw dump_27June'!E:E,A26) | L26: =COUNTIFS('Academy Raw dump_27June'!I:I,">59",'Academy Raw dump_27June'!E:E,A26) | M26: =K26-L26 | N26: =K26/I26
A27: Databases & SQL | B27: =VLOOKUP(A27,Sheet79!A:G,7,0) | C27: =VLOOKUP(A27,Sheet79!A:H,8,0) | D27: =VLOOKUP(B27,'Academy Raw dump_27June'!B:C,2,0) | E27: =VLOOKUP(B27,'Academy Raw dump_27June'!B:D,3,0) | I27: =K27+J27 | J27: =countifs('Academy Raw dump_27June'!H:H,"Not Attempted",'Academy Raw dump_27June'!E:E,A27) | K27: =COUNTIFS('Academy Raw dump_27June'!H:H,"Attempted",'Academy Raw dump_27June'!E:E,A27) | L27: =COUNTIFS('Academy Raw dump_27June'!I:I,">59",'Academy Raw dump_27June'!E:E,A27) | M27: =K27-L27 | N27: =K27/I27
... A31: Backend LLD and Development 4 | B31: =VLOOKUP(A31,Sheet79!A:G,7,0) | C31: =VLOOKUP(A31,Sheet79!A:H,8,0) | D31: =VLOOKUP(B31,'Academy Raw dump_27June'!B:C,2,0) | E31: =VLOOKUP(B31,'Academy Raw dump_27June'!B:D,3,0) | I31: =K31+J31 | J31: =countifs('Academy Raw dump_27June'!H:H,"Not Attempted",'Academy Raw dump_27June'!E:E,A31) | K31: =COUNTIFS('Academy Raw dump_27June'!H:H,"Attempted",'Academy Raw dump_27June'!E:E,A31) | L31: =COUNTIFS('Academy Raw dump_27June'!I:I,">59",'Academy Raw dump_27June'!E:E,A31) | M31: =K31-L31 | N31: =K31/I31
A32: Full-stack Capstone Project | B32: 949130 | C32: =VLOOKUP(A32,Sheet79!A:H,8,0) | D32: =VLOOKUP(B32,'Academy Raw dump_27June'!B:C,2,0) | E32: =VLOOKUP(B32,'Academy Raw dump_27June'!B:D,3,0) | I32: =K32+J32 | J32: =countifs('Academy Raw dump_27June'!H:H,"Not Attempted",'Academy Raw dump_27June'!E:E,A32) | K32: =COUNTIFS('Academy Raw dump_27June'!H:H,"Attempted",'Academy Raw dump_27June'!E:E,A32) | L32: =COUNTIFS('Academy Raw dump_27June'!I:I,">59",'Academy Raw dump_27June'!E:E,A32) | M32: =K32-L32 | N32: =K32/I32
A33: Full-stack lld and development 4 | B33: =VLOOKUP(A33,Sheet79!A:G,7,0) | C33: =VLOOKUP(A33,Sheet79!A:H,8,0) | D33: =VLOOKUP(B33,'Academy Raw dump_27June'!B:C,2,0) | E33: =VLOOKUP(B33,'Academy Raw dump_27June'!B:D,3,0) | I33: =K33+J33 | J33: =countifs('Academy Raw dump_27June'!H:H,"Not Attempted",'Academy Raw dump_27June'!E:E,A33) | K33: =COUNTIFS('Academy Raw dump_27June'!H:H,"Attempted",'Academy Raw dump_27June'!E:E,A33) | L33: =COUNTIFS('Academy Raw dump_27June'!I:I,">59",'Academy Raw dump_27June'!E:E,A33) | M33: =K33-L33 | N33: =K33/I33

Sheet Academy-reattempt
A1: Module names | B1: Test ids | C1: Reattempt 1 | D1: Start Date | E1: End date | F1: Extended date 1 | G1: Extended date 2 | H1: Extended date 3 | I1: Total Learners | J1: Not attempted | K1: Learners Attempted | L1: Paased learners | M1: Failed Learners | N1: Attempt(%)
A2: Introduction to Programming (Beginner) 1 | B2: =VLOOKUP(A2,Sheet79!A:G,7,0) | C2: =VLOOKUP(A2,Sheet79!A:H,8,0) | D2: =VLOOKUP(B2,'Academy Re-Raw dump_27June'!B:C,2,0) | E2: =VLOOKUP(B2,'Academy Re-Raw dump_27June'!B:D,3,0) | I2: =K2+J2 | J2: =countifs('Academy Re-Raw dump_27June'!H:H,"Not Attempted",'Academy Re-Raw dump_27June'!E:E,A2) | K2: =COUNTIFS('Academy Re-Raw dump_27June'!H:H,"Attempted",'Academy Re-Raw dump_27June'!E:E,A2) | L2: =COUNTIFS('Academy Re-Raw dump_27June'!I:I,">59",'Academy Re-Raw dump_27June'!E:E,A2) | M2: =K2-L2 | N2: =K2/I2
A3: Introduction to Problem Solving (Intermediate) 2 | B3: =VLOOKUP(A3,Sheet79!A:G,7,0) | C3: =VLOOKUP(A3,Sheet79!A:H,8,0) | D3: =VLOOKUP(B3,'Academy Re-Raw dump_27June'!B:C,2,0) | E3: =VLOOKUP(B3,'Academy Re-Raw dump_27June'!B:D,3,0) | I3: =K3+J3 | J3: =countifs('Academy Re-Raw dump_27June'!H:H,"Not Attempted",'Academy Re-Raw dump_27June'!E:E,A3) | K3: =COUNTIFS('Academy Re-Raw dump_27June'!H:H,"Attempted",'Academy Re-Raw dump_27June'!E:E,A3) | L3: =COUNTIFS('Academy Re-Raw dump_27June'!I:I,">59",'Academy Re-Raw dump_27June'!E:E,A3) | M3: =K3-L3 | N3: =K3/I3
A4: Backend LLD and Development 3 | B4: =VLOOKUP(A4,Sheet79!A:G,7,0) | C4: =VLOOKUP(A4,Sheet79!A:H,8,0) | D4: =VLOOKUP(B4,'Academy Re-Raw dump_27June'!B:C,2,0) | E4: =VLOOKUP(B4,'Academy Re-Raw dump_27June'!B:D,3,0) | I4: =K4+J4 | J4: =countifs('Academy Re-Raw dump_27June'!H:H,"Not Attempted",'Academy Re-Raw dump_27June'!E:E,A4) | K4: =COUNTIFS('Academy Re-Raw dump_27June'!H:H,"Attempted",'Academy Re-Raw dump_27June'!E:E,A4) | L4: =COUNTIFS('Academy Re-Raw dump_27June'!I:I,">59",'Academy Re-Raw dump_27June'!E:E,A4) | M4: =K4-L4 | N4: =K4/I4
A5: DSA for Competitive Programming | B5: =VLOOKUP(A5,Sheet79!A:G,7,0) | C5: 906696 | D5: =VLOOKUP(B5,'Academy Re-Raw dump_27June'!B:C,2,0) | E5: =VLOOKUP(B5,'Academy Re-Raw dump_27June'!B:D,3,0) | I5: =K5+J5 | J5: =countifs('Academy Re-Raw dump_27June'!H:H,"Not Attempted",'Academy Re-Raw dump_27June'!E:E,A5) | K5: =COUNTIFS('Academy Re-Raw dump_27June'!H:H,"Attempted",'Academy Re-Raw dump_27June'!E:E,A5) | L5: =COUNTIFS('Academy Re-Raw dump_27June'!I:I,">59",'Academy Re-Raw dump_27June'!E:E,A5) | M5: =K5-L5 | N5: =K5/I5
A6: Computer Systems and Fundamentals | B6: =VLOOKUP(A6,Sheet79!A:G,7,0) | C6: =VLOOKUP(A6,Sheet79!A:H,8,0) | D6: =VLOOKUP(B6,'Academy Re-Raw dump_27June'!B:C,2,0) | E6: =VLOOKUP(B6,'Academy Re-Raw dump_27June'!B:D,3,0) | I6: =K6+J6 | J6: =countifs('Academy Re-Raw dump_27June'!H:H,"Not Attempted",'Academy Re-Raw dump_27June'!E:E,A6) | K6: =COUNTIFS('Academy Re-Raw dump_27June'!H:H,"Attempted",'Academy Re-Raw dump_27June'!E:E,A6) | L6: =COUNTIFS('Academy Re-Raw dump_27June'!I:I,">59",'Academy Re-Raw dump_27June'!E:E,A6) | M6: =K6-L6 | N6: =K6/I6
A7: Advanced DSA 4 | B7: =VLOOKUP(A7,Sheet79!A:G,7,0) | C7: =VLOOKUP(A7,Sheet79!A:H,8,0) | D7: =VLOOKUP(B7,'Academy Re-Raw dump_27June'!B:C,2,0) | E7: =VLOOKUP(B7,'Academy Re-Raw dump_27June'!B:D,3,0) | I7: =K7+J7 | J7: =countifs('Academy Re-Raw dump_27June'!H:H,"Not Attempted",'Academy Re-Raw dump_27June'!E:E,A7) | K7: =COUNTIFS('Academy Re-Raw dump_27June'!H:H,"Attempted",'Academy Re-Raw dump_27June'!E:E,A7) | L7: =COUNTIFS('Academy Re-Raw dump_27June'!I:I,">59",'Academy Re-Raw dump_27June'!E:E,A7) | M7: =K7-L7 | N7: =K7/I7
A8: Full-stack LLD and Development 1 | B8: =VLOOKUP(A8,Sheet79!A:G,7,0) | C8: =VLOOKUP(A8,Sheet79!A:H,8,0) | D8: =VLOOKUP(B8,'Academy Re-Raw dump_27June'!B:C,2,0) | E8: =VLOOKUP(B8,'Academy Re-Raw dump_27June'!B:D,3,0) | I8: =K8+J8 | J8: =countifs('Academy Re-Raw dump_27June'!H:H,"Not Attempted",'Academy Re-Raw dump_27June'!E:E,A8) | K8: =COUNTIFS('Academy Re-Raw dump_27June'!H:H,"Attempted",'Academy Re-Raw dump_27June'!E:E,A8) | L8: =COUNTIFS('Academy Re-Raw dump_27June'!I:I,">59",'Academy Re-Raw dump_27June'!E:E,A8) | M8: =K8-L8 | N8: =K8/I8
A9: Advanced DSA 1 | B9: =VLOOKUP(A9,Sheet79!A:G,7,0) | C9: =VLOOKUP(A9,Sheet79!A:H,8,0) | D9: =VLOOKUP(B9,'Academy Re-Raw dump_27June'!B:C,2,0) | E9: =VLOOKUP(B9,'Academy Re-Raw dump_27June'!B:D,3,0) | I9: =K9+J9 | J9: =countifs('Academy Re-Raw dump_27June'!H:H,"Not Attempted",'Academy Re-Raw dump_27June'!E:E,A9) | K9: =COUNTIFS('Academy Re-Raw dump_27June'!H:H,"Attempted",'Academy Re-Raw dump_27June'!E:E,A9) | L9: =COUNTIFS('Academy Re-Raw dump_27June'!I:I,">59",'Academy Re-Raw dump_27June'!E:E,A9) | M9: =K9-L9 | N9: =K9/I9
A10: Backend LLD and Development 2 | B10: =VLOOKUP(A10,Sheet79!A:G,7,0) | C10: =VLOOKUP(A10,Sheet79!A:H,8,0) | D10: =VLOOKUP(B10,'Academy Re-Raw dump_27June'!B:C,2,0) | E10: =VLOOKUP(B10,'Academy Re-Raw dump_27June'!B:D,3,0) | I10: =K10+J10 | J10: =countifs('Academy Re-Raw dump_27June'!H:H,"Not Attempted",'Academy Re-Raw dump_27June'!E:E,A10) | K10: =COUNTIFS('Academy Re-Raw dump_27June'!H:H,"Attempted",'Academy Re-Raw dump_27June'!E:E,A10) | L10: =COUNTIFS('Academy Re-Raw dump_27June'!I:I,">59",'Academy Re-Raw dump_27June'!E:E,A10) | M10: =K10-L10 | N10: =K10/I10
A11: Introduction to Problem Solving (Intermediate) 1 | B11: =VLOOKUP(A11,Sheet79!A:G,7,0) | C11: =VLOOKUP(A11,Sheet79!A:H,8,0) | D11: =VLOOKUP(B11,'Academy Re-Raw dump_27June'!B:C,2,0) | E11: =VLOOKUP(B11,'Academy Re-Raw dump_27June'!B:D,3,0) | I11: =K11+J11 | J11: =countifs('Academy Re-Raw dump_27June'!H:H,"Not Attempted",'Academy Re-Raw dump_27June'!E:E,A11) | K11: =COUNTIFS('Academy Re-Raw dump_27June'!H:H,"Attempted",'Academy Re-Raw dump_27June'!E:E,A11) | L11: =COUNTIFS('Academy Re-Raw dump_27June'!I:I,">59",'Academy Re-Raw dump_27June'!E:E,A11) | M11: =K11-L11 | N11: =K11/I11
A12: Full-stack LLD and Development 3 | B12: =VLOOKUP(A12,Sheet79!A:G,7,0) | C12: =VLOOKUP(A12,Sheet79!A:H,8,0) | D12: =VLOOKUP(B12,'Academy Re-Raw dump_27June'!B:C,2,0) | E12: =VLOOKUP(B12,'Academy Re-Raw dump_27June'!B:D,3,0) | I12: =K12+J12 | J12: =countifs('Academy Re-Raw dump_27June'!H:H,"Not Attempted",'Academy Re-Raw dump_27June'!E:E,A12) | K12: =COUNTIFS('Academy Re-Raw dump_27June'!H:H,"Attempted",'Academy Re-Raw dump_27June'!E:E,A12) | L12: =COUNTIFS('Academy Re-Raw dump_27June'!I:I,">59",'Academy Re-Raw dump_27June'!E:E,A12) | M12: =K12-L12 | N12: =K12/I12
A13: High Level Design | B13: =VLOOKUP(A13,Sheet79!A:G,7,0) | C13: =VLOOKUP(A13,Sheet79!A:H,8,0) | D13: =VLOOKUP(B13,'Academy Re-Raw dump_27June'!B:C,2,0) | E13: =VLOOKUP(B13,'Academy Re-Raw dump_27June'!B:D,3,0) | I13: =K13+J13 | J13: =countifs('Academy Re-Raw dump_27June'!H:H,"Not Attempted",'Academy Re-Raw dump_27June'!E:E,A13) | K13: =COUNTIFS('Academy Re-Raw dump_27June'!H:H,"Attempted",'Academy Re-Raw dump_27June'!E:E,A13) | L13: =COUNTIFS('Academy Re-Raw dump_27June'!I:I,">59",'Academy Re-Raw dump_27June'!E:E,A13) | M13: =K13-L13 | N13: =K13/I13
A14: Product Management for Software Engineers | B14: =VLOOKUP(A14,Sheet79!A:G,7,0) | C14: =VLOOKUP(A14,Sheet79!A:H,8,0) | D14: =VLOOKUP(B14,'Academy Re-Raw dump_27June'!B:C,2,0) | E14: =VLOOKUP(B14,'Academy Re-Raw dump_27June'!B:D,3,0) | I14: =K14+J14 | J14: =countifs('Academy Re-Raw dump_27June'!H:H,"Not Attempted",'Academy Re-Raw dump_27June'!E:E,A14) | K14: =COUNTIFS('Academy Re-Raw dump_27June'!H:H,"Attempted",'Academy Re-Raw dump_27June'!E:E,A14) | L14: =COUNTIFS('Academy Re-Raw dump_27June'!I:I,">59",'Academy Re-Raw dump_27June'!E:E,A14) | M14: =K14-L14 | N14: =K14/I14
A15: Front-end Development | B15: =VLOOKUP(A15,Sheet79!A:G,7,0) | C15: 914855 | D15: =VLOOKUP(B15,'Academy Re-Raw dump_27June'!B:C,2,0) | E15: =VLOOKUP(B15,'Academy Re-Raw dump_27June'!B:D,3,0) | I15: =K15+J15 | J15: =countifs('Academy Re-Raw dump_27June'!H:H,"Not Attempted",'Academy Re-Raw dump_27June'!E:E,A15) | K15: =COUNTIFS('Academy Re-Raw dump_27June'!H:H,"Attempted",'Academy Re-Raw dump_27June'!E:E,A15) | L15: =COUNTIFS('Academy Re-Raw dump_27June'!I:I,">59",'Academy Re-Raw dump_27June'!E:E,A15) | M15: =K15-L15 | N15: =K15/I15
A16: Data Engineering | B16: =VLOOKUP(A16,Sheet79!A:G,7,0) | C16: =VLOOKUP(A16,Sheet79!A:H,8,0) | D16: =VLOOKUP(B16,'Academy Re-Raw dump_27June'!B:C,2,0) | E16: =VLOOKUP(B16,'Academy Re-Raw dump_27June'!B:D,3,0) | I16: =K16+J16 | J16: =countifs('Academy Re-Raw dump_27June'!H:H,"Not Attempted",'Academy Re-Raw dump_27June'!E:E,A16) | K16: =COUNTIFS('Academy Re-Raw dump_27June'!H:H,"Attempted",'Academy Re-Raw dump_27June'!E:E,A16) | L16: =COUNTIFS('Academy Re-Raw dump_27June'!I:I,">59",'Academy Re-Raw dump_27June'!E:E,A16) | M16: =K16-L16 | N16: =K16/I16
A17: Backend LLD and Development 1 | B17: =VLOOKUP(A17,Sheet79!A:G,7,0) | C17: =VLOOKUP(A17,Sheet79!A:H,8,0) | D17: =VLOOKUP(B17,'Academy Re-Raw dump_27June'!B:C,2,0) | E17: =VLOOKUP(B17,'Academy Re-Raw dump_27June'!B:D,3,0) | I17: =K17+J17 | J17: =countifs('Academy Re-Raw dump_27June'!H:H,"Not Attempted",'Academy Re-Raw dump_27June'!E:E,A17) | K17: =COUNTIFS('Academy Re-Raw dump_27June'!H:H,"Attempted",'Academy Re-Raw dump_27June'!E:E,A17) | L17: =COUNTIFS('Academy Re-Raw dump_27June'!I:I,">59",'Academy Re-Raw dump_27June'!E:E,A17) | M17: =K17-L17 | N17: =K17/I17
A18: Advanced DSA 2 | B18: =VLOOKUP(A18,Sheet79!A:G,7,0) | C18: =VLOOKUP(A18,Sheet79!A:H,8,0) | D18: =VLOOKUP(B18,'Academy Re-Raw dump_27June'!B:C,2,0) | E18: =VLOOKUP(B18,'Academy Re-Raw dump_27June'!B:D,3,0) | I18: =K18+J18 | J18: =countifs('Academy Re-Raw dump_27June'!H:H,"Not Attempted",'Academy Re-Raw dump_27June'!E:E,A18) | K18: =COUNTIFS('Academy Re-Raw dump_27June'!H:H,"Attempted",'Academy Re-Raw dump_27June'!E:E,A18) | L18: =COUNTIFS('Academy Re-Raw dump_27June'!I:I,">59",'Academy Re-Raw dump_27June'!E:E,A18) | M18: =K18-L18 | N18: =K18/I18
A19: Full-stack LLD and Development 2 | B19: =VLOOKUP(A19,Sheet79!A:G,7,0) | C19: =VLOOKUP(A19,Sheet79!A:H,8,0) | D19: =VLOOKUP(B19,'Academy Re-Raw dump_27June'!B:C,2,0) | E19: =VLOOKUP(B19,'Academy Re-Raw dump_27June'!B:D,3,0) | I19: =K19+J19 | J19: =countifs('Academy Re-Raw dump_27June'!H:H,"Not Attempted",'Academy Re-Raw dump_27June'!E:E,A19) | K19: =COUNTIFS('Academy Re-Raw dump_27June'!H:H,"Attempted",'Academy Re-Raw dump_27June'!E:E,A19) | L19: =COUNTIFS('Academy Re-Raw dump_27June'!I:I,">59",'Academy Re-Raw dump_27June'!E:E,A19) | M19: =K19-L19 | N19: =K19/I19
A20: LLD: Object Oriented Design and Analysis | B20: =VLOOKUP(A20,Sheet79!A:G,7,0) | C20: =VLOOKUP(A20,Sheet79!A:H,8,0) | D20: =VLOOKUP(B20,'Academy Re-Raw dump_27June'!B:C,2,0) | E20: =VLOOKUP(B20,'Academy Re-Raw dump_27June'!B:D,3,0) | I20: =K20+J20 | J20: =countifs('Academy Re-Raw dump_27June'!H:H,"Not Attempted",'Academy Re-Raw dump_27June'!E:E,A20) | K20: =COUNTIFS('Academy Re-Raw dump_27June'!H:H,"Attempted",'Academy Re-Raw dump_27June'!E:E,A20) | L20: =COUNTIFS('Academy Re-Raw dump_27June'!I:I,">59",'Academy Re-Raw dump_27June'!E:E,A20) | M20: =K20-L20 | N20: =K20/I20
A21: Back-end Development | B21: =VLOOKUP(A21,Sheet79!A:G,7,0) | C21: 914860 | D21: =VLOOKUP(B21,'Academy Re-Raw dump_27June'!B:C,2,0) | E21: =VLOOKUP(B21,'Academy Re-Raw dump_27June'!B:D,3,0) | I21: =K21+J21 | J21: =countifs('Academy Re-Raw dump_27June'!H:H,"Not Attempted",'Academy Re-Raw dump_27June'!E:E,A21) | K21: =COUNTIFS('Academy Re-Raw dump_27June'!H:H,"Attempted",'Academy Re-Raw dump_27June'!E:E,A21) | L21: =COUNTIFS('Academy Re-Raw dump_27June'!I:I,">59",'Academy Re-Raw dump_27June'!E:E,A21) | M21: =K21-L21 | N21: =K21/I21
A22: Introduction to Programming (Beginner) 2 | B22: =VLOOKUP(A22,Sheet79!A:G,7,0) | C22: =VLOOKUP(A22,Sheet79!A:H,8,0) | D22: =VLOOKUP(B22,'Academy Re-Raw dump_27June'!B:C,2,0) | E22: =VLOOKUP(B22,'Academy Re-Raw dump_27June'!B:D,3,0) | I22: =K22+J22 | J22: =countifs('Academy Re-Raw dump_27June'!H:H,"Not Attempted",'Academy Re-Raw dump_27June'!E:E,A22) | K22: =COUNTIFS('Academy Re-Raw dump_27June'!H:H,"Attempted",'Academy Re-Raw dump_27June'!E:E,A22) | L22: =COUNTIFS('Academy Re-Raw dump_27June'!I:I,">59",'Academy Re-Raw dump_27June'!E:E,A22) | M22: =K22-L22 | N22: =K22/I22
A23: Data Structure Algorithms 1 | B23: =VLOOKUP(A23,Sheet79!A:G,7,0) | C23: =VLOOKUP(A23,Sheet79!A:H,8,0) | D23: =VLOOKUP(B23,'Academy Re-Raw dump_27June'!B:C,2,0) | E23: =VLOOKUP(B23,'Academy Re-Raw dump_27June'!B:D,3,0) | I23: =K23+J23 | J23: =countifs('Academy Re-Raw dump_27June'!H:H,"Not Attempted",'Academy Re-Raw dump_27June'!E:E,A23) | K23: =COUNTIFS('Academy Re-Raw dump_27June'!H:H,"Attempted",'Academy Re-Raw dump_27June'!E:E,A23) | L23: =COUNTIFS('Academy Re-Raw dump_27June'!I:I,">59",'Academy Re-Raw dump_27June'!E:E,A23) | M23: =K23-L23 | N23: =K23/I23
A24: Data Structure Algorithms 2 | B24: =VLOOKUP(A24,Sheet79!A:G,7,0) | C24: =VLOOKUP(A24,Sheet79!A:H,8,0) | D24: =VLOOKUP(B24,'Academy Re-Raw dump_27June'!B:C,2,0) | E24: =VLOOKUP(B24,'Academy Re-Raw dump_27June'!B:D,3,0) | I24: =K24+J24 | J24: =countifs('Academy Re-Raw dump_27June'!H:H,"Not Attempted",'Academy Re-Raw dump_27June'!E:E,A24) | K24: =COUNTIFS('Academy Re-Raw dump_27June'!H:H,"Attempted",'Academy Re-Raw dump_27June'!E:E,A24) | L24: =COUNTIFS('Academy Re-Raw dump_27June'!I:I,">59",'Academy Re-Raw dump_27June'!E:E,A24) | M24: =K24-L24 | N24: =K24/I24
A25: Data Structure Algorithms 3 | B25: =VLOOKUP(A25,Sheet79!A:G,7,0) | C25: =VLOOKUP(A25,Sheet79!A:H,8,0) | D25: =VLOOKUP(B25,'Academy Re-Raw dump_27June'!B:C,2,0) | E25: =VLOOKUP(B25,'Academy Re-Raw dump_27June'!B:D,3,0) | I25: =K25+J25 | J25: =countifs('Academy Re-Raw dump_27June'!H:H,"Not Attempted",'Academy Re-Raw dump_27June'!E:E,A25) | K25: =COUNTIFS('Academy Re-Raw dump_27June'!H:H,"Attempted",'Academy Re-Raw dump_27June'!E:E,A25) | L25: =COUNTIFS('Academy Re-Raw dump_27June'!I:I,">59",'Academy Re-Raw dump_27June'!E:E,A25) | M25: =K25-L25 | N25: =K25/I25
A26: Data Structure Algorithms 4 | B26: =VLOOKUP(A26,Sheet79!A:G,7,0) | C26: =VLOOKUP(A26,Sheet79!A:H,8,0) | D26: =VLOOKUP(B26,'Academy Re-Raw dump_27June'!B:C,2,0) | E26: =VLOOKUP(B26,'Academy Re-Raw dump_27June'!B:D,3,0) | I26: =K26+J26 | J26: =countifs('Academy Re-Raw dump_27June'!H:H,"Not Attempted",'Academy Re-Raw dump_27June'!E:E,A26) | K26: =COUNTIFS('Academy Re-Raw dump_27June'!H:H,"Attempted",'Academy Re-Raw dump_27June'!E:E,A26) | L26: =COUNTIFS('Academy Re-Raw dump_27June'!I:I,">59",'Academy Re-Raw dump_27June'!E:E,A26) | M26: =K26-L26 | N26: =K26/I26
A27: Databases & SQL | B27: =VLOOKUP(A27,Sheet79!A:G,7,0) | C27: =VLOOKUP(A27,Sheet79!A:H,8,0) | D27: =VLOOKUP(B27,'Academy Re-Raw dump_27June'!B:C,2,0) | E27: =VLOOKUP(B27,'Academy Re-Raw dump_27June'!B:D,3,0) | I27: =K27+J27 | J27: =countifs('Academy Re-Raw dump_27June'!H:H,"Not Attempted",'Academy Re-Raw dump_27June'!E:E,A27) | K27: =COUNTIFS('Academy Re-Raw dump_27June'!H:H,"Attempted",'Academy Re-Raw dump_27June'!E:E,A27) | L27: =COUNTIFS('Academy Re-Raw dump_27June'!I:I,">59",'Academy Re-Raw dump_27June'!E:E,A27) | M27: =K27-L27 | N27: =K27/I27
A28: LLD: Practical Software Engineering and Design | B28: =VLOOKUP(A28,Sheet79!A:G,7,0) | C28: =VLOOKUP(A28,Sheet79!A:H,8,0) | D28: =VLOOKUP(B28,'Academy Re-Raw dump_27June'!B:C,2,0) | E28: =VLOOKUP(B28,'Academy Re-Raw dump_27June'!B:D,3,0) | I28: =K28+J28 | J28: =countifs('Academy Re-Raw dump_27June'!H:H,"Not Attempted",'Academy Re-Raw dump_27June'!E:E,A28) | K28: =COUNTIFS('Academy Re-Raw dump_27June'!H:H,"Attempted",'Academy Re-Raw dump_27June'!E:E,A28) | L28: =COUNTIFS('Academy Re-Raw dump_27June'!I:I,">59",'Academy Re-Raw dump_27June'!E:E,A28) | M28: =K28-L28 | N28: =K28/I28
A29: Full-stack LLD and Development 4 | B29: =VLOOKUP(A29,Sheet79!A:G,7,0) | C29: =VLOOKUP(A29,Sheet79!A:H,8,0) | D29: =VLOOKUP(B29,'Academy Re-Raw dump_27June'!B:C,2,0) | E29: =VLOOKUP(B29,'Academy Re-Raw dump_27June'!B:D,3,0) | I29: =K29+J29 | J29: =countifs('Academy Re-Raw dump_27June'!H:H,"Not Attempted",'Academy Re-Raw dump_27June'!E:E,A29) | K29: =COUNTIFS('Academy Re-Raw dump_27June'!H:H,"Attempted",'Academy Re-Raw dump_27June'!E:E,A29) | L29: =COUNTIFS('Academy Re-Raw dump_27June'!I:I,">59",'Academy Re-Raw dump_27June'!E:E,A29) | M29: =K29-L29 | N29: =K29/I29
A30: Backend Capstone Project | B30: =VLOOKUP(A30,Sheet79!A:G,7,0) | C30: 946272 | D30: =VLOOKUP(B30,'Academy Re-Raw dump_27June'!B:C,2,0) | E30: =VLOOKUP(B30,'Academy Re-Raw dump_27June'!B:D,3,0) | I30: =K30+J30 | J30: =countifs('Academy Re-Raw dump_27June'!H:H,"Not Attempted",'Academy Re-Raw dump_27June'!E:E,A30) | K30: =COUNTIFS('Academy Re-Raw dump_27June'!H:H,"Attempted",'Academy Re-Raw dump_27June'!E:E,A30) | L30: =COUNTIFS('Academy Re-Raw dump_27June'!I:I,">59",'Academy Re-Raw dump_27June'!E:E,A30) | M30: =K30-L30 | N30: =K30/I30
A31: Backend LLD and Development 4 | B31: =VLOOKUP(A31,Sheet79!A:G,7,0) | C31: 946275 | D31: =VLOOKUP(B31,'Academy Re-Raw dump_27June'!B:C,2,0) | E31: =VLOOKUP(B31,'Academy Re-Raw dump_27June'!B:D,3,0) | I31: =K31+J31 | J31: =countifs('Academy Re-Raw dump_27June'!H:H,"Not Attempted",'Academy Re-Raw dump_27June'!E:E,A31) | K31: =COUNTIFS('Academy Re-Raw dump_27June'!H:H,"Attempted",'Academy Re-Raw dump_27June'!E:E,A31) | L31: =COUNTIFS('Academy Re-Raw dump_27June'!I:I,">59",'Academy Re-Raw dump_27June'!E:E,A31) | M31: =K31-L31 | N31: =K31/I31
A32: Full-stack Capstone Project | B32: 949130 | C32: =VLOOKUP(A32,Sheet79!A:H,8,0) | D32: =VLOOKUP(B32,'Academy Re-Raw dump_27June'!B:C,2,0) | E32: =VLOOKUP(B32,'Academy Re-Raw dump_27June'!B:D,3,0) | I32: =K32+J32 | J32: =countifs('Academy Re-Raw dump_27June'!H:H,"Not Attempted",'Academy Re-Raw dump_27June'!E:E,A32) | K32: =COUNTIFS('Academy Re-Raw dump_27June'!H:H,"Attempted",'Academy Re-Raw dump_27June'!E:E,A32) | L32: =COUNTIFS('Academy Re-Raw dump_27June'!I:I,">59",'Academy Re-Raw dump_27June'!E:E,A32) | M32: =K32-L32 | N32: =K32/I32
A33: Full-stack lld and development 4 | B33: =VLOOKUP(A33,Sheet79!A:G,7,0) | C33: =VLOOKUP(A33,Sheet79!A:H,8,0) | D33: =VLOOKUP(B33,'Academy Re-Raw dump_27June'!B:C,2,0) | E33: =VLOOKUP(B33,'Academy Re-Raw dump_27June'!B:D,3,0) | I33: =K33+J33 | J33: =countifs('Academy Re-Raw dump_27June'!H:H,"Not Attempted",'Academy Re-Raw dump_27June'!E:E,A33) | K33: =COUNTIFS('Academy Re-Raw dump_27June'!H:H,"Attempted",'Academy Re-Raw dump_27June'!E:E,A33) | L33: =COUNTIFS('Academy Re-Raw dump_27June'!I:I,">59",'Academy Re-Raw dump_27June'!E:E,A33) | M33: =K33-L33 | N33: =K33/I33

Sheet Academy Re-Raw dump_27June
A1: contest_name | B1: contest_id | C1: contest_start_time | D1: contest_end_time | E1: module_name | F1: super_batch_name | G1: learner_email | H1: attempt_status | I1: learner_score
A2: Back-end Development Contest: Neovarsity | B2: 914860 | C2: 45411.292 | D2: 45503.354 | E2: Back-end Development | F2: Back-end Development- NV Contests Q2 | G2: vikas.madhupmani@gmail.com | H2: Not Attempted
A3: DSA for Competitive Programming: Neovarsity | B3: 906696 | C3: 45399.292 | D3: 45503.354 | E3: DSA for Competitive Programming | F3: DSA for CP- NV Contest | G3: amt.wdh@gmail.com | H3: Not Attempted
A4: Back-end Development Contest: Neovarsity | B4: 914860 | C4: 45411.292 | D4: 45503.354 | E4: Back-end Development | F4: Back-end Development- NV Contests Q2 | G4: katchsoft@gmail.com | H4: Not Attempted
A5: DSA for Competitive Programming: Neovarsity | B5: 906696 | C5: 45399.292 | D5: 45503.354 | E5: DSA for Competitive Programming | F5: DSA for CP- NV Contest | G5: sushil.sridhar.sh@gmail.com | H5: Not Attempted
A6: Back-end Development Contest: Neovarsity | B6: 914860 | C6: 45411.292 | D6: 45503.354 | E6: Back-end Development | F6: Back-end Development- NV Contests Q2 | G6: sushil.sridhar.sh@gmail.com | H6: Not Attempted
A7: Backend Capstone project: Contest | B7: 946272 | C7: 45448.292 | D7: 45503.292 | E7: Backend Capstone Project | F7: Capstone contest | G7: rakesh050791@gmail.com | H7: Not Attempted
A8: Front-end Development- Neovarsity | B8: 914855 | C8: 45411.292 | D8: 45503.375 | E8: Front-end Development | F8: Front-end Development- NV Contests Q2 | G8: loganadhanam93@gmail.com | H8: Not Attempted
A9: Front-end Development- Neovarsity | B9: 914855 | C9: 45411.292 | D9: 45503.375 | E9: Front-end Development | F9: Front-end Development- NV Contests Q2 | G9: smitthakur@gmail.com | H9: Attempted | I9: 88.889
A10: Backend Capstone project: Contest | B10: 946272 | C10: 45448.292 | D10: 45503.292 | E10: Backend Capstone Project | F10: Capstone contest | G10: vishalkansal1997@gmail.com | H10: Not Attempted
A11: Front-end Development- Neovarsity | B11: 914855 | C11: 45411.292 | D11: 45503.375 | E11: Front-end Development | F11: Front-end Development- NV Contests Q2 | G11: vishalkansal1997@gmail.com | H11: Not Attempted
A12: Backend LLD and Development 4: Neovarsity Contest | B12: 946275 | C12: 45448.292 | D12: 45503.292 | E12: Backend LLD and Development 4 | F12: Backend lld and development 4: contest | G12: vigneshofficial41@gmail.com | H12: Not Attempted
A13: Backend Capstone project: Contest | B13: 946272 | C13: 45448.292 | D13: 45503.292 | E13: Backend Capstone Project | F13: Capstone contest | G13: abhishek.en@gmail.com | H13: Not Attempted
A14: Front-end Development- Neovarsity | B14: 914855 | C14: 45411.292 | D14: 45503.375 | E14: Front-end Development | F14: Front-end Development- NV Contests Q2 | G14: kiran.ram@gmail.com | H14: Not Attempted
A15: Backend Capstone project: Contest | B15: 946272 | C15: 45448.292 | D15: 45503.292 | E15: Backend Capstone Project | F15: Capstone contest | G15: kiran.ram@gmail.com | H15: Attempted | I15: 80
A16: Backend Capstone project: Contest | B16: 946272 | C16: 45448.292 | D16: 45503.292 | E16: Backend Capstone Project | F16: Capstone contest | G16: ayush.mehre@gmail.com | H16: Not Attempted
A17: Front-end Development- Neovarsity | B17: 914855 | C17: 45411.292 | D17: 45503.375 | E17: Front-end Development | F17: Front-end Development- NV Contests Q2 | G17: ayush.mehre@gmail.com | H17: Not Attempted
A18: DSA for Competitive Programming: Neovarsity | B18: 906696 | C18: 45399.292 | D18: 45503.354 | E18: DSA for Competitive Programming | F18: DSA for CP- NV Contest | G18: abhilashsivasanker@gmail.com | H18: Not Attempted
A19: Backend Capstone project: Contest | B19: 946272 | C19: 45448.292 | D19: 45503.292 | E19: Backend Capstone Project | F19: Capstone contest | G19: abhilashsivasanker@gmail.com | H19: Attempted | I19: 75
A20: Back-end Development Contest: Neovarsity | B20: 914860 | C20: 45411.292 | D20: 45503.354 | E20: Back-end Development | F20: Back-end Development- NV Contests Q2 | G20: akhil.sreekar@gmail.com | H20: Not Attempted
A21: Front-end Development- Neovarsity | B21: 914855 | C21: 45411.292 | D21: 45503.375 | E21: Front-end Development | F21: Front-end Development- NV Contests Q2 | G21: naveenbuidl@gmail.com | H21: Not Attempted
A22: Backend Capstone project: Contest | B22: 946272 | C22: 45448.292 | D22: 45503.292 | E22: Backend Capstone Project | F22: Capstone contest | G22: areadarsh@outlook.com | H22: Not Attempted
A23: Backend Capstone project: Contest | B23: 946272 | C23: 45448.292 | D23: 45503.292 | E23: Backend Capstone Project | F23: Capstone contest | G23: akash.anande1993@gmail.com | H23: Attempted | I23: 90
A24: Backend Capstone project: Contest | B24: 946272 | C24: 45448.292 | D24: 45503.292 | E24: Backend Capstone Project | F24: Capstone contest | G24: amlan.sahoo.98@gmail.com | H24: Attempted | I24: 85
A25: Backend Capstone project: Contest | B25: 946272 | C25: 45448.292 | D25: 45503.292 | E25: Backend Capstone Project | F25: Capstone contest | G25: priyamomer3@gmail.com | H25: Not Attempted
A26: DSA for Competitive Programming: Neovarsity | B26: 906696 | C26: 45399.292 | D26: 45503.354 | E26: DSA for Competitive Programming | F26: DSA for CP- NV Contest | G26: nanduonline@gmail.com | H26: Not Attempted
A27: Back-end Development Contest: Neovarsity | B27: 914860 | C27: 45411.292 | D27: 45503.354 | E27: Back-end Development | F27: Back-end Development- NV Contests Q2 | G27: meeravengineer@gmail.com | H27: Attempted | I27: 94.118
A28: Back-end Development Contest: Neovarsity | B28: 914860 | C28: 45411.292 | D28: 45503.354 | E28: Back-end Development | F28: Back-end Development- NV Contests Q2 | G28: somdevpahari1@gmail.com | H28: Not Attempted
A29: Backend Capstone project: Contest | B29: 946272 | C29: 45448.292 | D29: 45503.292 | E29: Backend Capstone Project | F29: Capstone contest | G29: galavyashasvi23@gmail.com | H29: Not Attempted
A30: Backend LLD and Development 4: Neovarsity Contest | B30: 946275 | C30: 45448.292 | D30: 45503.292 | E30: Backend LLD and Development 4 | F30: Backend lld and development 4: contest | G30: marchsindhu30@gmail.com | H30: Not Attempted
A31: DSA for Competitive Programming: Neovarsity | B31: 906696 | C31: 45399.292 | D31: 45503.354 | E31: DSA for Competitive Programming | F31: DSA for CP- NV Contest | G31: sam.aggarwal39@gmail.com | H31: Not Attempted
A32: Backend Capstone project: Contest | B32: 946272 | C32: 45448.292 | D32: 45503.292 | E32: Backend Capstone Project | F32: Capstone contest | G32: sam.aggarwal39@gmail.com | H32: Attempted | I32: 75
A33: Backend Capstone project: Contest | B33: 946272 | C33: 45448.292 | D33: 45503.292 | E33: Backend Capstone Project | F33: Capstone contest | G33: komalp.kp@gmail.com | H33: Not Attempted
A34: DSA for Competitive Programming: Neovarsity | B34: 906696 | C34: 45399.292 | D34: 45503.354 | E34: DSA for Competitive Programming | F34: DSA for CP- NV Contest | G34: 123awasthivarun321@gmail.com | H34: Not Attempted
A35: DSA for Competitive Programming: Neovarsity | B35: 906696 | C35: 45399.292 | D35: 45503.354 | E35: DSA for Competitive Programming | F35: DSA for CP- NV Contest | G35: ypadhiyar143@gmail.com | H35: Attempted | I35: 58.333
A36: Backend LLD and Development 4: Neovarsity Contest | B36: 946275 | C36: 45448.292 | D36: 45503.292 | E36: Backend LLD and Development 4 | F36: Backend lld and development 4: contest | G36: teju000@gmail.com | H36: Not Attempted
A37: Back-end Development Contest: Neovarsity | B37: 914860 | C37: 45411.292 | D37: 45503.354 | E37: Back-end Development | F37: Back-end Development- NV Contests Q2 | G37: harsha.sanam@gmail.com | H37: Not Attempted
A38: Backend Capstone project: Contest | B38: 946272 | C38: 45448.292 | D38: 45503.292 | E38: Backend Capstone Project | F38: Capstone contest | G38: harshitcpahadi@gmail.com | H38: Not Attempted
A39: DSA for Competitive Programming: Neovarsity | B39: 906696 | C39: 45399.292 | D39: 45503.354 | E39: DSA for Competitive Programming | F39: DSA for CP- NV Contest | G39: umeshpalav96@gmail.com | H39: Not Attempted
A40: DSA for Competitive Programming: Neovarsity | B40: 906696 | C40: 45399.292 | D40: 45503.354 | E40: DSA for Competitive Programming | F40: DSA for CP- NV Contest | G40: lakshay0009@gmail.com | H40: Not Attempted
A41: Back-end Development Contest: Neovarsity | B41: 914860 | C41: 45411.292 | D41: 45503.354 | E41: Back-end Development | F41: Back-end Development- NV Contests Q2 | G41: arushigupta0215@gmail.com | H41: Not Attempted
A42: Backend Capstone project: Contest | B42: 946272 | C42: 45448.292 | D42: 45503.292 | E42: Backend Capstone Project | F42: Capstone contest | G42: rahulnautiyal1871@gmail.com | H42: Not Attempted
A43: Front-end Development- Neovarsity | B43: 914855 | C43: 45411.292 | D43: 45503.375 | E43: Front-end Development | F43: Front-end Development- NV Contests Q2 | G43: rahulnautiyal1871@gmail.com | H43: Not Attempted
A44: Backend Capstone project: Contest | B44: 946272 | C44: 45448.292 | D44: 45503.292 | E44: Backend Capstone Project | F44: Capstone contest | G44: harsha2071@gmail.com | H44: Not Attempted
A45: Backend Capstone project: Contest | B45: 946272 | C45: 45448.292 | D45: 45503.292 | E45: Backend Capstone Project | F45: Capstone contest | G45: richarich14@gmail.com | H45: Not Attempted
A46: Backend LLD and Development 4: Neovarsity Contest | B46: 946275 | C46: 45448.292 | D46: 45503.292 | E46: Backend LLD and Development 4 | F46: Backend lld and development 4: contest | G46: anjulrathi@gmail.com | H46: Not Attempted
A47: DSA for Competitive Programming: Neovarsity | B47: 906696 | C47: 45399.292 | D47: 45503.354 | E47: DSA for Competitive Programming | F47: DSA for CP- NV Contest | G47: katchsoft@gmail.com | H47: Not Attempted
... A58: DSA for Competitive Programming: Neovarsity | B58: 906696 | C58: 45399.292 | D58: 45503.354 | E58: DSA for Competitive Programming | F58: DSA for CP- NV Contest | G58: prasanna.r1234@gmail.com | H58: Not Attempted
A59: Back-end Development Contest: Neovarsity | B59: 914860 | C59: 45411.292 | D59: 45503.354 | E59: Back-end Development | F59: Back-end Development- NV Contests Q2 | G59: prasanna.r1234@gmail.com | H59: Attempted | I59: 100
A60: Front-end Development- Neovarsity | B60: 914855 | C60: 45411.292 | D60: 45503.375 | E60: Front-end Development | F60: Front-end Development- NV Contests Q2 | G60: vickykumar1998@gmail.com | H60: Attempted | I60: 72.222
A61: Backend Capstone project: Contest | B61: 946272 | C61: 45448.292 | D61: 45503.292 | E61: Backend Capstone Project | F61: Capstone contest | G61: amritendu_de@yahoo.com | H61: Attempted | I61: 85
A62: Backend Capstone project: Contest | B62: 946272 | C62: 45448.292 | D62: 45503.292 | E62: Backend Capstone Project | F62: Capstone contest | G62: meeravengineer@gmail.com | H62: Not Attempted
A63: Backend Capstone project: Contest | B63: 946272 | C63: 45448.292 | D63: 45503.292 | E63: Backend Capstone Project | F63: Capstone contest | G63: wasim631992@gmail.com | H63: Not Attempted
A64: Backend LLD and Development 4: Neovarsity Contest | B64: 946275 | C64: 45448.292 | D64: 45503.292 | E64: Backend LLD and Development 4 | F64: Backend lld and development 4: contest | G64: sujaajaasu13@gmail.com | H64: Not Attempted
A65: Backend Capstone project: Contest | B65: 946272 | C65: 45448.292 | D65: 45503.292 | E65: Backend Capstone Project | F65: Capstone contest | G65: tarun.batra11@gmail.com | H65: Not Attempted
A66: Front-end Development- Neovarsity | B66: 914855 | C66: 45411.292 | D66: 45503.375 | E66: Front-end Development | F66: Front-end Development- NV Contests Q2 | G66: johri.ankur@yahoo.com | H66: Not Attempted
A67: Backend Capstone project: Contest | B67: 946272 | C67: 45448.292 | D67: 45503.292 | E67: Backend Capstone Project | F67: Capstone contest | G67: anubhavanand0030@gmail.com | H67: Not Attempted
A68: Backend Capstone project: Contest | B68: 946272 | C68: 45448.292 | D68: 45503.292 | E68: Backend Capstone Project | F68: Capstone contest | G68: sankeshspathak@gmail.com | H68: Attempted | I68: 90
A69: Back-end Development Contest: Neovarsity | B69: 914860 | C69: 45411.292 | D69: 45503.354 | E69: Back-end Development | F69: Back-end Development- NV Contests Q2 | G69: jelsianajennet@gmail.com | H69: Not Attempted
A70: Back-end Development Contest: Neovarsity | B70: 914860 | C70: 45411.292 | D70: 45503.354 | E70: Back-end Development | F70: Back-end Development- NV Contests Q2 | G70: somanisushant23@gmail.com | H70: Not Attempted
A71: Backend Capstone project: Contest | B71: 946272 | C71: 45448.292 | D71: 45503.292 | E71: Backend Capstone Project | F71: Capstone contest | G71: ypadhiyar143@gmail.com | H71: Attempted | I71: 85
A72: Backend Capstone project: Contest | B72: 946272 | C72: 45448.292 | D72: 45503.292 | E72: Backend Capstone Project | F72: Capstone contest | G72: aiyanhamid@gmail.com | H72: Not Attempted
A73: DSA for Competitive Programming: Neovarsity | B73: 906696 | C73: 45399.292 | D73: 45503.354 | E73: DSA for Competitive Programming | F73: DSA for CP- NV Contest | G73: harsha.sanam@gmail.com | H73: Not Attempted
A74: Backend Capstone project: Contest | B74: 946272 | C74: 45448.292 | D74: 45503.292 | E74: Backend Capstone Project | F74: Capstone contest | G74: sourabhsethi8888@gmail.com | H74: Not Attempted
A75: Back-end Development Contest: Neovarsity | B75: 914860 | C75: 45411.292 | D75: 45503.354 | E75: Back-end Development | F75: Back-end Development- NV Contests Q2 | G75: umeshpalav96@gmail.com | H75: Not Attempted
A76: Back-end Development Contest: Neovarsity | B76: 914860 | C76: 45411.292 | D76: 45503.354 | E76: Back-end Development | F76: Back-end Development- NV Contests Q2 | G76: sarathisworkemail@gmail.com | H76: Not Attempted
A77: Back-end Development Contest: Neovarsity | B77: 914860 | C77: 45411.292 | D77: 45503.354 | E77: Back-end Development | F77: Back-end Development- NV Contests Q2 | G77: rajeevgtm926@gmail.com | H77: Not Attempted
A78: Backend LLD and Development 4: Neovarsity Contest | B78: 946275 | C78: 45448.292 | D78: 45503.292 | E78: Backend LLD and Development 4 | F78: Backend lld and development 4: contest | G78: ankurnecessary@gmail.com | H78: Not Attempted
A79: DSA for Competitive Programming: Neovarsity | B79: 906696 | C79: 45399.292 | D79: 45503.354 | E79: DSA for Competitive Programming | F79: DSA for CP- NV Contest | G79: ankurnecessary@gmail.com | H79: Not Attempted
A80: Front-end Development- Neovarsity | B80: 914855 | C80: 45411.292 | D80: 45503.375 | E80: Front-end Development | F80: Front-end Development- NV Contests Q2 | G80: lakshay0009@gmail.com | H80: Not Attempted
A81: Front-end Development- Neovarsity | B81: 914855 | C81: 45411.292 | D81: 45503.375 | E81: Front-end Development | F81: Front-end Development- NV Contests Q2 | G81: mrsreddy7@gmail.com | H81: Not Attempted
A82: Backend Capstone project: Contest | B82: 946272 | C82: 45448.292 | D82: 45503.292 | E82: Backend Capstone Project | F82: Capstone contest | G82: mrsreddy7@gmail.com | H82: Not Attempted
A83: Backend Capstone project: Contest | B83: 946272 | C83: 45448.292 | D83: 45503.292 | E83: Backend Capstone Project | F83: Capstone contest | G83: virenderk411@gmail.com | H83: Not Attempted
... A103: Backend Capstone project: Contest | B103: 946272 | C103: 45448.292 | D103: 45503.292 | E103: Backend Capstone Project | F103: Capstone contest | G103: jindal.abhinav@gmail.com | H103: Not Attempted
A104: Back-end Development Contest: Neovarsity | B104: 914860 | C104: 45411.292 | D104: 45503.354 | E104: Back-end Development | F104: Back-end Development- NV Contests Q2 | G104: samruddhashah@gmail.com | H104: Attempted | I104: 100
A105: Back-end Development Contest: Neovarsity | B105: 914860 | C105: 45411.292 | D105: 45503.354 | E105: Back-end Development | F105: Back-end Development- NV Contests Q2 | G105: jaspreetsingh.07.05@gmail.com | H105: Not Attempted
A106: DSA for Competitive Programming: Neovarsity | B106: 906696 | C106: 45399.292 | D106: 45503.354 | E106: DSA for Competitive Programming | F106: DSA for CP- NV Contest | G106: jaspreetsingh.07.05@gmail.com | H106: Not Attempted
A107: Back-end Development Contest: Neovarsity | B107: 914860 | C107: 45411.292 | D107: 45503.354 | E107: Back-end Development | F107: Back-end Development- NV Contests Q2 | G107: abhilashsivasanker@gmail.com | H107: Not Attempted
A108: Backend Capstone project: Contest | B108: 946272 | C108: 45448.292 | D108: 45503.292 | E108: Backend Capstone Project | F108: Capstone contest | G108: saptaparnidey15@gmail.com | H108: Attempted | I108: 80
A109: DSA for Competitive Programming: Neovarsity | B109: 906696 | C109: 45399.292 | D109: 45503.354 | E109: DSA for Competitive Programming | F109: DSA for CP- NV Contest | G109: suresh.adari@gmail.com | H109: Not Attempted
A110: Backend Capstone project: Contest | B110: 946272 | C110: 45448.292 | D110: 45503.292 | E110: Backend Capstone Project | F110: Capstone contest | G110: prasanna.r1234@gmail.com | H110: Not Attempted
A111: DSA for Competitive Programming: Neovarsity | B111: 906696 | C111: 45399.292 | D111: 45503.354 | E111: DSA for Competitive Programming | F111: DSA for CP- NV Contest | G111: vickykumar1998@gmail.com | H111: Not Attempted
A112: DSA for Competitive Programming: Neovarsity | B112: 906696 | C112: 45399.292 | D112: 45503.354 | E112: DSA for Competitive Programming | F112: DSA for CP- NV Contest | G112: meeravengineer@gmail.com | H112: Attempted | I112: 0
A113: DSA for Competitive Programming: Neovarsity | B113: 906696 | C113: 45399.292 | D113: 45503.354 | E113: DSA for Competitive Programming | F113: DSA for CP- NV Contest | G113: sriram0296@gmail.com | H113: Not Attempted
A114: Back-end Development Contest: Neovarsity | B114: 914860 | C114: 45411.292 | D114: 45503.354 | E114: Back-end Development | F114: Back-end Development- NV Contests Q2 | G114: sriram0296@gmail.com | H114: Not Attempted
A115: Backend Capstone project: Contest | B115: 946272 | C115: 45448.292 | D115: 45503.292 | E115: Backend Capstone Project | F115: Capstone contest | G115: saransh.sharma249@gmail.com | H115: Attempted | I115: 85
A116: Front-end Development- Neovarsity | B116: 914855 | C116: 45411.292 | D116: 45503.375 | E116: Front-end Development | F116: Front-end Development- NV Contests Q2 | G116: harishbthampi@gmail.com | H116: Not Attempted
A117: Back-end Development Contest: Neovarsity | B117: 914860 | C117: 45411.292 | D117: 45503.354 | E117: Back-end Development | F117: Back-end Development- NV Contests Q2 | G117: sam.aggarwal39@gmail.com | H117: Attempted | I117: 100
A118: DSA for Competitive Programming: Neovarsity | B118: 906696 | C118: 45399.292 | D118: 45503.354 | E118: DSA for Competitive Programming | F118: DSA for CP- NV Contest | G118: cnmidhun@gmail.com | H118: Not Attempted
A119: Backend Capstone project: Contest | B119: 946272 | C119: 45448.292 | D119: 45503.292 | E119: Backend Capstone Project | F119: Capstone contest | G119: nirbhay727452@gmail.com | H119: Attempted | I119: 65
A120: Backend Capstone project: Contest | B120: 946272 | C120: 45448.292 | D120: 45503.292 | E120: Backend Capstone Project | F120: Capstone contest | G120: ansil.mishra316@gmail.com | H120: Attempted | I120: 85
A121: Backend Capstone project: Contest | B121: 946272 | C121: 45448.292 | D121: 45503.292 | E121: Backend Capstone Project | F121: Capstone contest | G121: shubha.nitie@gmail.com | H121: Attempted | I121: 85
A122: Backend Capstone project: Contest | B122: 946272 | C122: 45448.292 | D122: 45503.292 | E122: Backend Capstone Project | F122: Capstone contest | G122: somanisushant23@gmail.com | H122: Attempted | I122: 90
A123: Front-end Development- Neovarsity | B123: 914855 | C123: 45411.292 | D123: 45503.375 | E123: Front-end Development | F123: Front-end Development- NV Contests Q2 | G123: ypadhiyar143@gmail.com | H123: Not Attempted
A124: Backend Capstone project: Contest | B124: 946272 | C124: 45448.292 | D124: 45503.292 | E124: Backend Capstone Project | F124: Capstone contest | G124: harsha.sanam@gmail.com | H124: Not Attempted
A125: Front-end Development- Neovarsity | B125: 914855 | C125: 45411.292 | D125: 45503.375 | E125: Front-end Development | F125: Front-end Development- NV Contests Q2 | G125: harshitcpahadi@gmail.com | H125: Not Attempted
A126: Backend Capstone project: Contest | B126: 946272 | C126: 45448.292 | D126: 45503.292 | E126: Backend Capstone Project | F126: Capstone contest | G126: sarathisworkemail@gmail.com | H126: Not Attempted
A127: Back-end Development Contest: Neovarsity | B127: 914860 | C127: 45411.292 | D127: 45503.354 | E127: Back-end Development | F127: Back-end Development- NV Contests Q2 | G127: lakshay0009@gmail.com | H127: Not Attempted
A128: Front-end Development- Neovarsity | B128: 914855 | C128: 45411.292 | D128: 45503.375 | E128: Front-end Development | F128: Front-end Development- NV Contests Q2 | G128: raksha.krishnaiah@gmail.com | H128: Not Attempted
A129: Backend Capstone project: Contest | B129: 946272 | C129: 45448.292 | D129: 45503.292 | E129: Backend Capstone Project | F129: Capstone contest | G129: arushigupta0215@gmail.com | H129: Not Attempted
...

Sheet AIML Contests
A1: Batch name | B1: Start Date & Time: | C1: End Date & Time | D1: Attempt 2 Test id | E1: Start Date & Time: | F1: End Date & Time | G1: Attempt 3 Test id | H1: Start Date & Time: | I1: End Date & Time | J1: Attempt 4 Test id | K1: Start Date & Time: | L1: End Date & Time
A2: Data Foundations: NV contest 2025 | B2: 23 Dec 2025, Tue, 9:00 pm | C2: 23 Jan 2026, Fri, 9:00 pm | E2: 23 Jan 2026, Fri, 12:00 am | F2: 23 Feb 2026, Mon, 12:00 am | H2: 23 Feb 2026, Mon, 12:00 am | I2: 23 Mar 2026, Mon, 12:00 am | K2: 23 Mar 2026, Mon, 12:00 am | L2: 23 Apr 2026, Thu, 12:00 am
A3: ML Coding: Supervised Learning: NV AIML Contest | B3: 15 Jan 2026, Thu, 9:00 pm | C3: 16 Mar 2026, Mon, 9:00 pm | E3: 17 Mar 2026, Tue, 12:00 am | F3: 16 May 2026, Sat, 12:00 am | H3: 15 Jul 2026, Wed, 12:00 am | I3: 13 Sep 2026, Sun, 12:00 am | K3: 46278 | L3: 13 Oct 2026, Tue, 12:00 am
A4: ML Coding: Unsupervised Learning: NV Contest June 2026
A5: ML Coding: Computer Vision and Natural Language Processing: Contest | B5: 46052.875 | C5: 28 Feb 2026, Sat, 9:00 pm | E5: 1 Mar 2026, Sun, 12:00 am | F5: 31 Mar 2026, Tue, 12:00 am | H5: 1 Apr 2026, Wed, 12:00 am | I5: 30 Apr 2026, Thu, 12:00 am | K5: 1 May 2026, Fri, 12:00 am | L5: 31 May 2026, Sun, 12:00 am
A6: ML Coding: Neural Network: NV B1 2026 Contest | B6: 3 Feb 2026, Tue, 9:00 pm | C6: 3 Mar 2026, Tue, 9:00 pm | E6: 3 Mar 2026, Tue, 12:00 am | F6: 3 Apr 2026, Fri, 12:00 am | H6: 3 Apr 2026, Fri, 12:00 am | I6: 3 May 2026, Fri, 12:00 am | K6: 3 May 2026, Sun, 12:00 am | L6: 3 June 2026, Sun, 12:00 am
A7: Data Foundations: NV Contest 2026 Apr | B7: 20 Apr 2026, Mon, 9:00 pm | C7: 30 Apr 2026, Thu, 9:00 pm | E7: 1 May 2026, Fri, 12:00 am | F7: 10 May 2026, Sun, 12:00 am | H7: 10 May 2026, Sun, 12:00 am | I7: 20 May 2026, Wed, 12:00 am | K7: 20 May 2026, Wed, 12:00 am | L7: 31 May 2026, Sun, 12:00 am
A8: ML Coding: Computer Vision: NV Contest June 2026
A9: ML Coding: Neural Network: June 2026 contest

Sheet Academy Raw dump_27June
A1: contest_name | B1: contest_id | C1: contest_start_time | D1: contest_end_time | E1: module_name | F1: super_batch_name | G1: learner_email | H1: attempt_status | I1: learner_score
A2: Introduction to Programming (Beginner) 1- Neovarsity Contest | B2: 914402 | C2: 45411.312 | D2: 45472.375 | E2: Introduction to Programming (Beginner) 1 | F2: Introduction to Programming (Beginner) 1- NV Contests Q2 | G2: ishaanabhinav@gmail.com | H2: Not Attempted
A3: Backend LLD and Development 3: Neovarsity | B3: 914431 | C3: 45411.292 | D3: 45471.354 | E3: Backend LLD and Development 3 | F3: Backend LLD and Development 3- NV Contests Q2 | G3: tkrishnakaushik96@gmail.com | H3: Not Attempted
A4: Computer Systems and Fundamentals- Neovarsity | B4: 914389 | C4: 45411.292 | D4: 45471.375 | E4: Computer Systems and Fundamentals | F4: Computer Systems and Fundamentals- NV Contests Q2 | G4: tkrishnakaushik96@gmail.com | H4: Not Attempted
A5: High Level Design- Neovarsity contest | B5: 914440 | C5: 45411.292 | D5: 45471.354 | E5: High Level Design | F5: High Level Design- NV Contests Q2 | G5: tkrishnakaushik96@gmail.com | H5: Not Attempted
A6: Advanced DSA 4- Neovarsity | B6: 914349 | C6: 45411.292 | D6: 45471.354 | E6: Advanced DSA 4 | F6: Advanced DSA 4- NV Contests Q2 | G6: tkrishnakaushik96@gmail.com | H6: Not Attempted
A7: Backend Capstone project: Contest | B7: 946272 | C7: 45448.292 | D7: 45503.292 | E7: Backend Capstone Project | F7: Capstone contest | G7: guneet.bh@gmail.com | H7: Not Attempted
A8: LLD: Practical Software Engineering and Design: Neovarsity contest | B8: 930184 | C8: 45429.292 | D8: 45472.375 | E8: LLD: Practical Software Engineering and Design | F8: LLD: Practical Software Engineering and Design- NV Contests Q2 | G8: randhirkumar.singh@gmail.com | H8: Not Attempted
A9: Introduction to Programming (Beginner) 2- Neovarsity Contest | B9: 914403 | C9: 45411.292 | D9: 45472.354 | E9: Introduction to Programming (Beginner) 2 | F9: Introduction to Programming (Beginner) 2- NV Contests Q2 | G9: nk.rakesh.k@gmail.com | H9: Not Attempted
A10: Backend LLD and Development 3: Neovarsity | B10: 914431 | C10: 45411.292 | D10: 45471.354 | E10: Backend LLD and Development 3 | F10: Backend LLD and Development 3- NV Contests Q2 | G10: manjube16@gmail.com | H10: Not Attempted
A11: Computer Systems and Fundamentals- Neovarsity | B11: 914389 | C11: 45411.292 | D11: 45471.375 | E11: Computer Systems and Fundamentals | F11: Computer Systems and Fundamentals- NV Contests Q2 | G11: manjube16@gmail.com | H11: Not Attempted
A12: Back-end Development Contest: Neovarsity | B12: 914860 | C12: 45411.292 | D12: 45503.354 | E12: Back-end Development | F12: Back-end Development- NV Contests Q2 | G12: k.ugandhar@gmail.com | H12: Not Attempted
A13: High Level Design- Neovarsity contest | B13: 914440 | C13: 45411.292 | D13: 45471.354 | E13: High Level Design | F13: High Level Design- NV Contests Q2 | G13: k.ugandhar@gmail.com | H13: Not Attempted
... A88: Advanced DSA 1- Neovarsity | B88: 914422 | C88: 45411.292 | D88: 45471.354 | E88: Advanced DSA 1 | F88: Advanced DSA 1- NV Contests Q2 | G88: syedfaizmdnaveed@gmail.com | H88: Not Attempted
A89: Introduction to Problem Solving (Intermediate) 1-Neovarsity Contest | B89: 914407 | C89: 45411.292 | D89: 45472.354 | E89: Introduction to Problem Solving (Intermediate) 1 | F89: Introduction to Problem Solving (Intermediate) 1- NV Contests Q2 | G89: syedfaizmdnaveed@gmail.com | H89: Attempted | I89: 100
A90: Advanced DSA 2- Neovarsity | B90: 914380 | C90: 45411.292 | D90: 45471.354 | E90: Advanced DSA 2 | F90: Advanced DSA 2- NV Contests Q2 | G90: ravimaurya94m@gmail.com | H90: Not Attempted
A91: Databases & SQL -Neovarsity | B91: 914437 | C91: 45411.292 | D91: 45471.354 | E91: Databases & SQL | F91: Databases & SQL- NV Contests Q2 | G91: ravimaurya94m@gmail.com | H91: Not Attempted
A92: Advanced DSA 1- Neovarsity | B92: 914422 | C92: 45411.292 | D92: 45471.354 | E92: Advanced DSA 1 | F92: Advanced DSA 1- NV Contests Q2 | G92: arvind9135@gmail.com | H92: Not Attempted
A93: Backend LLD and Development 1-Neovarsity | B93: 914360 | C93: 45411.292 | D93: 45472.375 | E93: Backend LLD and Development 1 | F93: Backend LLD and Development 1- NV Contests Q2 | G93: abhishek.das0505@gmail.com | H93: Not Attempted
A94: Introduction to Programming (Beginner) 1- Neovarsity Contest | B94: 914402 | C94: 45411.312 | D94: 45472.375 | E94: Introduction to Programming (Beginner) 1 | F94: Introduction to Programming (Beginner) 1- NV Contests Q2 | G94: kamaldeep0077@gmail.com | H94: Not Attempted
A95: Computer Systems and Fundamentals- Neovarsity | B95: 914389 | C95: 45411.292 | D95: 45471.375 | E95: Computer Systems and Fundamentals | F95: Computer Systems and Fundamentals- NV Contests Q2 | G95: suraj.b.naik@gmail.com | H95: Not Attempted
A96: Backend LLD and Development 3: Neovarsity | B96: 914431 | C96: 45411.292 | D96: 45471.354 | E96: Backend LLD and Development 3 | F96: Backend LLD and Development 3- NV Contests Q2 | G96: suraj.b.naik@gmail.com | H96: Not Attempted
A97: Introduction to Problem Solving (Intermediate) 2-Neovarsity contest | B97: 914412 | C97: 45411.292 | D97: 45472.354 | E97: Introduction to Problem Solving (Intermediate) 2 | F97: Introduction to Problem Solving (Intermediate) 2- NV Contests Q2 | G97: suraj.b.naik@gmail.com | H97: Not Attempted
A98: LLD: Object Oriented Design and Analysis- Neovarsity contest | B98: 914795 | C98: 45411.292 | D98: 45471.375 | E98: LLD: Object Oriented Design and Analysis | F98: LLD: Object Oriented Design and Analysis- NV Contests Q2 | G98: suraj.b.naik@gmail.com | H98: Not Attempted
A99: Advanced DSA 4- Neovarsity | B99: 914349 | C99: 45411.292 | D99: 45471.354 | E99: Advanced DSA 4 | F99: Advanced DSA 4- NV Contests Q2 | G99: gauthamsundarrajan@outlook.com | H99: Not Attempted
A100: Backend LLD and Development 1-Neovarsity | B100: 914360 | C100: 45411.292 | D100: 45472.375 | E100: Backend LLD and Development 1 | F100: Backend LLD and Development 1- NV Contests Q2 | G100: gauthamsundarrajan@outlook.com | H100: Not Attempted
A101: Introduction to Problem Solving (Intermediate) 1-Neovarsity Contest | B101: 914407 | C101: 45411.292 | D101: 45472.354 | E101: Introduction to Problem Solving (Intermediate) 1 | F101: Introduction to Problem Solving (Intermediate) 1- NV Contests Q2 | G101: rkumar2185@gmail.com | H101: Not Attempted
... A149: Advanced DSA 4- Neovarsity | B149: 914349 | C149: 45411.292 | D149: 45471.354 | E149: Advanced DSA 4 | F149: Advanced DSA 4- NV Contests Q2 | G149: syedfaizmdnaveed@gmail.com | H149: Not Attempted
A150: Introduction to Programming (Beginner) 1- Neovarsity Contest | B150: 914402 | C150: 45411.312 | D150: 45472.375 | E150: Introduction to Programming (Beginner) 1 | F150: Introduction to Programming (Beginner) 1- NV Contests Q2 | G150: syedfaizmdnaveed@gmail.com | H150: Attempted | I150: 100
A151: Backend LLD and Development 4: Neovarsity Contest | B151: 946275 | C151: 45448.292 | D151: 45503.292 | E151: Backend LLD and Development 4 | F151: Backend lld and development 4: contest | G151: ravimaurya94m@gmail.com | H151: Not Attempted
A152: Backend LLD and Development 3: Neovarsity | B152: 914431 | C152: 45411.292 | D152: 45471.354 | E152: Backend LLD and Development 3 | F152: Backend LLD and Development 3- NV Contests Q2 | G152: ravimaurya94m@gmail.com | H152: Not Attempted
A153: Introduction to Problem Solving (Intermediate) 1-Neovarsity Contest | B153: 914407 | C153: 45411.292 | D153: 45472.354 | E153: Introduction to Problem Solving (Intermediate) 1 | F153: Introduction to Problem Solving (Intermediate) 1- NV Contests Q2 | G153: ravimaurya94m@gmail.com | H153: Not Attempted
A154: LLD: Practical Software Engineering and Design: Neovarsity contest | B154: 930184 | C154: 45429.292 | D154: 45472.375 | E154: LLD: Practical Software Engineering and Design | F154: LLD: Practical Software Engineering and Design- NV Contests Q2 | G154: zahitesh@gmail.com | H154: Not Attempted
A155: Backend Capstone project: Contest | B155: 946272 | C155: 45448.292 | D155: 45503.292 | E155: Backend Capstone Project | F155: Capstone contest | G155: zahitesh@gmail.com | H155: Not Attempted
A156: Introduction to Problem Solving (Intermediate) 2-Neovarsity contest | B156: 914412 | C156: 45411.292 | D156: 45472.354 | E156: Introduction to Problem Solving (Intermediate) 2 | F156: Introduction to Problem Solving (Intermediate) 2- NV Contests Q2 | G156: mhatreprathamesh94@gmail.com | H156: Not Attempted
A157: High Level Design- Neovarsity contest | B157: 914440 | C157: 45411.292 | D157: 45471.354 | E157: High Level Design | F157: High Level Design- NV Contests Q2 | G157: mhatreprathamesh94@gmail.com | H157: Not Attempted
A158: Backend LLD and Development 3: Neovarsity | B158: 914431 | C158: 45411.292 | D158: 45471.354 | E158: Backend LLD and Development 3 | F158: Backend LLD and Development 3- NV Contests Q2 | G158: mhatreprathamesh94@gmail.com | H158: Not Attempted
A159: Advanced DSA 2- Neovarsity | B159: 914380 | C159: 45411.292 | D159: 45471.354 | E159: Advanced DSA 2 | F159: Advanced DSA 2- NV Contests Q2 | G159: madhuriroy17@hotmail.com | H159: Not Attempted
A160: LLD: Practical Software Engineering and Design: Neovarsity contest | B160: 930184 | C160: 45429.292 | D160: 45472.375 | E160: LLD: Practical Software Engineering and Design | F160: LLD: Practical Software Engineering and Design- NV Contests Q2 | G160: madhuriroy17@hotmail.com | H160: Not Attempted
A161: Introduction to Programming (Beginner) 1- Neovarsity Contest | B161: 914402 | C161: 45411.312 | D161: 45472.375 | E161: Introduction to Programming (Beginner) 1 | F161: Introduction to Programming (Beginner) 1- NV Contests Q2 | G161: shivansh.sharma123@gmail.com | H161: Not Attempted
A162: Advanced DSA 2- Neovarsity | B162: 914380 | C162: 45411.292 | D162: 45471.354 | E162: Advanced DSA 2 | F162: Advanced DSA 2- NV Contests Q2 | G162: prashanthkumarus@gmail.com | H162: Not Attempted
A163: High Level Design- Neovarsity contest | B163: 914440 | C163: 45411.292 | D163: 45471.354 | E163: High Level Design | F163: High Level Design- NV Contests Q2 | G163: preethimohan129@gmail.com | H163: Not Attempted
A164: Advanced DSA 1- Neovarsity | B164: 914422 | C164: 45411.292 | D164: 45471.354 | E164: Advanced DSA 1 | F164: Advanced DSA 1- NV Contests Q2 | G164: preethimohan129@gmail.com | H164: Attempted | I164: 100
A165: Introduction to Problem Solving (Intermediate) 1-Neovarsity Contest | B165: 914407 | C165: 45411.292 | D165: 45472.354 | E165: Introduction to Problem Solving (Intermediate) 1 | F165: Introduction to Problem Solving (Intermediate) 1- NV Contests Q2 | G165: anandvardhanchilumula1@gmail.com | H165: Not Attempted
A166: Introduction to Programming (Beginner) 2- Neovarsity Contest | B166: 914403 | C166: 45411.292 | D166: 45472.354 | E166: Introduction to Programming (Beginner) 2 | F166: Introduction to Programming (Beginner) 2- NV Contests Q2 | G166: uppi.avani93@gmail.com | H166: Not Attempted
A167: Advanced DSA 2- Neovarsity | B167: 914380 | C167: 45411.292 | D167: 45471.354 | E167: Advanced DSA 2 | F167: Advanced DSA 2- NV Contests Q2 | G167: pulkitshrivastava9@gmail.com | H167: Attempted | I167: 0
A168: Back-end Development Contest: Neovarsity | B168: 914860 | C168: 45411.292 | D168: 45503.354 | E168: Back-end Development | F168: Back-end Development- NV Contests Q2 | G168: pulkitshrivastava9@gmail.com | H168: Attempted | I168: 94.118
A169: Advanced DSA 1- Neovarsity | B169: 914422 | C169: 45411.292 | D169: 45471.354 | E169: Advanced DSA 1 | F169: Advanced DSA 1- NV Contests Q2 | G169: pulkitshrivastava9@gmail.com | H169: Attempted | I169: 63.636
A170: Introduction to Programming (Beginner) 2- Neovarsity Contest | B170: 914403 | C170: 45411.292 | D170: 45472.354 | E170: Introduction to Programming (Beginner) 2 | F170: Introduction to Programming (Beginner) 2- NV Contests Q2 | G170: deepakwagadre@gmail.com | H170: Not Attempted
A171: Front-end Development- Neovarsity | B171: 914855 | C171: 45411.292 | D171: 45503.375 | E171: Front-end Development | F171: Front-end Development- NV Contests Q2 | G171: hello@gaganjoshi.com | H171: Not Attempted
A172: LLD: Practical Software Engineering and Design: Neovarsity contest | B172: 930184 | C172: 45429.292 | D172: 45472.375 | E172: LLD: Practical Software Engineering and Design | F172: LLD: Practical Software Engineering and Design- NV Contests Q2 | G172: hello@gaganjoshi.com | H172: Not Attempted
A173: Product Management for Software Engineers- Neovarsity contest | B173: 914434 | C173: 45411.292 | D173: 45472.354 | E173: Product Management for Software Engineers | F173: Product Management for Software Engineers- NV Contests Q2 | G173: himanshupandey2411@gmail.com | H173: Not Attempted
A174: Backend LLD and Development 3: Neovarsity | B174: 914431 | C174: 45411.292 | D174: 45471.354 | E174: Backend LLD and Development 3 | F174: Backend LLD and Development 3- NV Contests Q2 | G174: pradip661burnwal@gmail.com | H174: Not Attempted
A175: Full-stack Capstone Project: Contest | B175: 949130 | C175: 45450.292 | D175: 45472.375 | E175: Full-stack Capstone Project | F175: Full stack capstone project contest | G175: daharwal.gaurav@gmail.com | H175: Not Attempted
A176: Advanced DSA 4- Neovarsity | B176: 914349 | C176: 45411.292 | D176: 45471.354 | E176: Advanced DSA 4 | F176: Advanced DSA 4- NV Contests Q2 | G176: ajithpandian195@gmail.com | H176: Not Attempted
A177: Backend LLD and Development 1-Neovarsity | B177: 914360 | C177: 45411.292 | D177: 45472.375 | E177: Backend LLD and Development 1 | F177: Backend LLD and Development 1- NV Contests Q2 | G177: shubhrrw97@gmail.com | H177: Not Attempted
A178: Backend LLD and Development 3: Neovarsity | B178: 914431 | C178: 45411.292 | D178: 45471.354 | E178: Backend LLD and Development 3 | F178: Backend LLD and Development 3- NV Contests Q2 | G178: shubhrrw97@gmail.com | H178: Not Attempted
A179: Advanced DSA 2- Neovarsity | B179: 914380 | C179: 45411.292 | D179: 45471.354 | E179: Advanced DSA 2 | F179: Advanced DSA 2- NV Contests Q2 | G179: msmithunkumar@gmail.com | H179: Not Attempted
A180: Introduction to Programming (Beginner) 2- Neovarsity Contest | B180: 914403 | C180: 45411.292 | D180: 45472.354 | E180: Introduction to Programming (Beginner) 2 | F180: Introduction to Programming (Beginner) 2- NV Contests Q2 | G180: msmithunkumar@gmail.com | H180: Not Attempted
A181: Front-end Development- Neovarsity | B181: 914855 | C181: 45411.292 | D181: 45503.375 | E181: Front-end Development | F181: Front-end Development- NV Contests Q2 | G181: msmithunkumar@gmail.com | H181: Not Attempted
... A261: Backend LLD and Development 4: Neovarsity Contest | B261: 946275 | C261: 45448.292 | D261: 45503.292 | E261: Backend LLD and Development 4 | F261: Backend lld and development 4: contest | G261: preethimohan129@gmail.com | H261: Not Attempted
A262: Introduction to Programming (Beginner) 1- Neovarsity Contest | B262: 914402 | C262: 45411.312 | D262: 45472.375 | E262: Introduction to Programming (Beginner) 1 | F262: Introduction to Programming (Beginner) 1- NV Contests Q2 | G262: preethimohan129@gmail.com | H262: Attempted | I262: 100
A263: Introduction to Problem Solving (Intermediate) 2-Neovarsity contest | B263: 914412 | C263: 45411.292 | D263: 45472.354 | E263: Introduction to Problem Solving (Intermediate) 2 | F263: Introduction to Problem Solving (Intermediate) 2- NV Contests Q2 | G263: preethimohan129@gmail.com | H263: Attempted | I263: 100
A264: Advanced DSA 4- Neovarsity | B264: 914349 | C264: 45411.292 | D264: 45471.354 | E264: Advanced DSA 4 | F264: Advanced DSA 4- NV Contests Q2 | G264: anandvardhanchilumula1@gmail.com | H264: Not Attempted
A265: Advanced DSA 2- Neovarsity | B265: 914380 | C265: 45411.292 | D265: 45471.354 | E265: Advanced DSA 2 | F265: Advanced DSA 2- NV Contests Q2 | G265: pankajvpande@gmail.com | H265: Not Attempted
A266: Introduction to Programming (Beginner) 2- Neovarsity Contest | B266: 914403 | C266: 45411.292 | D266: 45472.354 | E266: Introduction to Programming (Beginner) 2 | F266: Introduction to Programming (Beginner) 2- NV Contests Q2 | G266: pankajvpande@gmail.com | H266: Not Attempted
A267: Backend Capstone project: Contest | B267: 946272 | C267: 45448.292 | D267: 45503.292 | E267: Backend Capstone Project | F267: Capstone contest | G267: uppi.avani93@gmail.com | H267: Not Attempted
A268: Advanced DSA 4- Neovarsity | B268: 914349 | C268: 45411.292 | D268: 45471.354 | E268: Advanced DSA 4 | F268: Advanced DSA 4- NV Contests Q2 | G268: bhushananilchaudhari@gmail.com | H268: Not Attempted
A269: Introduction to Programming (Beginner) 1- Neovarsity Contest | B269: 914402 | C269: 45411.312 | D269: 45472.375 | E269: Introduction to Programming (Beginner) 1 | F269: Introduction to Programming (Beginner) 1- NV Contests Q2 | G269: bhushananilchaudhari@gmail.com | H269: Not Attempted
A270: Back-end Development Contest: Neovarsity | B270: 914860 | C270: 45411.292 | D270: 45503.354 | E270: Back-end Development | F270: Back-end Development- NV Contests Q2 | G270: bhushananilchaudhari@gmail.com | H270: Not Attempted
A271: Computer Systems and Fundamentals- Neovarsity | B271: 914389 | C271: 45411.292 | D271: 45471.375 | E271: Computer Systems and Fundamentals | F271: Computer Systems and Fundamentals- NV Contests Q2 | G271: bhushananilchaudhari@gmail.com | H271: Not Attempted
A272: DSA for Competitive Programming: Neovarsity | B272: 906696 | C272: 45399.292 | D272: 45503.354 | E272: DSA for Competitive Programming | F272: DSA for CP- NV Contest | G272: boyinijayakapil@gmail.com | H272: Not Attempted
A273: Computer Systems and Fundamentals- Neovarsity | B273: 914389 | C273: 45411.292 | D273: 45471.375 | E273: Computer Systems and Fundamentals | F273: Computer Systems and Fundamentals- NV Contests Q2 | G273: thomasplkd@gmail.com | H273: Not Attempted
A274: Product Management for Software Engineers- Neovarsity contest | B274: 914434 | C274: 45411.292 | D274: 45472.354 | E274: Product Management for Software Engineers | F274: Product Management for Software Engineers- NV Contests Q2 | G274: thomasplkd@gmail.com | H274: Not Attempted
A275: High Level Design- Neovarsity contest | B275: 914440 | C275: 45411.292 | D275: 45471.354 | E275: High Level Design | F275: High Level Design- NV Contests Q2 | G275: thomasplkd@gmail.com | H275: Not Attempted
... A300: Advanced DSA 4- Neovarsity | B300: 914349 | C300: 45411.292 | D300: 45471.354 | E300: Advanced DSA 4 | F300: Advanced DSA 4- NV Contests Q2 | G300: ravimaurya94m@gmail.com | H300: Not Attempted
A301: Introduction to Programming (Beginner) 1- Neovarsity Contest | B301: 914402 | C301: 45411.312 | D301: 45472.375 | E301: Introduction to Programming (Beginner) 1 | F301: Introduction to Programming (Beginner) 1- NV Contests Q2 | G301: arvind9135@gmail.com | H301: Attempted | I301: 100
A302: Introduction to Problem Solving (Intermediate) 1-Neovarsity Contest | B302: 914407 | C302: 45411.292 | D302: 45472.354 | E302: Introduction to Problem Solving (Intermediate) 1 | F302: Introduction to Problem Solving (Intermediate) 1- NV Contests Q2 | G302: abhishek.das0505@gmail.com | H302: Not Attempted
A303: Advanced DSA 1- Neovarsity | B303: 914422 | C303: 45411.292 | D303: 45471.354 | E303: Advanced DSA 1 | F303: Advanced DSA 1- NV Contests Q2 | G303: abhishek.das0505@gmail.com | H303: Not Attempted
A304: Backend LLD and Development 3: Neovarsity | B304: 914431 | C304: 45411.292 | D304: 45471.354 | E304: Backend LLD and Development 3 | F304: Backend LLD and Development 3- NV Contests Q2 | G304: abhishek.das0505@gmail.com | H304: Not Attempted
A305: Full-stack LLD and Development 3- Neovarsity Contest | B305: 914393 | C305: 45411.292 | D305: 45471.375 | E305: Full-stack LLD and Development 3 | F305: Full-stack LLD and Development 3- NV Contests Q2 | G305: mohapatragaurav9@gmail.com | H305: Not Attempted
A306: LLD: Practical Software Engineering and Design: Neovarsity contest | B306: 930184 | C306: 45429.292 | D306: 45472.375 | E306: LLD: Practical Software Engineering and Design | F306: LLD: Practical Software Engineering and Design- NV Contests Q2 | G306: mahipbhatt@gmail.com | H306: Not Attempted
A307: Introduction to Problem Solving (Intermediate) 1-Neovarsity Contest | B307: 914407 | C307: 45411.292 | D307: 45472.354 | E307: Introduction to Problem Solving (Intermediate) 1 | F307: Introduction to Problem Solving (Intermediate) 1- NV Contests Q2 | G307: pranjalmaini@gmail.com | H307: Not Attempted
A308: Backend LLD and Development 3: Neovarsity | B308: 914431 | C308: 45411.292 | D308: 45471.354 | E308: Backend LLD and Development 3 | F308: Backend LLD and Development 3- NV Contests Q2 | G308: nagarjuna97c@gmail.com | H308: Not Attempted
A309: Computer Systems and Fundamentals- Neovarsity | B309: 914389 | C309: 45411.292 | D309: 45471.375 | E309: Computer Systems and Fundamentals | F309: Computer Systems and Fundamentals- NV Contests Q2 | G309: nagarjuna97c@gmail.com | H309: Not Attempted
A310: Introduction to Problem Solving (Intermediate) 1-Neovarsity Contest | B310: 914407 | C310: 45411.292 | D310: 45472.354 | E310: Introduction to Problem Solving (Intermediate) 1 | F310: Introduction to Problem Solving (Intermediate) 1- NV Contests Q2 | G310: nagarjuna97c@gmail.com | H310: Not Attempted
A311: Introduction to Problem Solving (Intermediate) 2-Neovarsity contest | B311: 914412 | C311: 45411.292 | D311: 45472.354 | E311: Introduction to Problem Solving (Intermediate) 2 | F311: Introduction to Problem Solving (Intermediate) 2- NV Contests Q2 | G311: nagarjuna97c@gmail.com | H311: Not Attempted
A312: DSA for Competitive Programming: Neovarsity | B312: 906696 | C312: 45399.292 | D312: 45503.354 | E312: DSA for Competitive Programming | F312: DSA for CP- NV Contest | G312: sriram011@gmail.com | H312: Not Attempted
A313: Back-end Development Contest: Neovarsity | B313: 914860 | C313: 45411.292 | D313: 45503.354 | E313: Back-end Development | F313: Back-end Development- NV Contests Q2 | G313: sriram011@gmail.com | H313: Not Attempted
... A316: Computer Systems and Fundamentals- Neovarsity | B316: 914389 | C316: 45411.292 | D316: 45471.375 | E316: Computer Systems and Fundamentals | F316: Computer Systems and Fundamentals- NV Contests Q2 | G316: chetan.seshadri7@gmail.com | H316: Not Attempted
A317: Advanced DSA 1- Neovarsity | B317: 914422 | C317: 45411.292 | D317: 45471.354 | E317: Advanced DSA 1 | F317: Advanced DSA 1- NV Contests Q2 | G317: lavitsamson@hotmail.com | H317: Attempted | I317: 100
A318: Backend LLD and Development 1-Neovarsity | B318: 914360 | C318: 45411.292 | D318: 45472.375 | E318: Backend LLD and Development 1 | F318: Backend LLD and Development 1- NV Contests Q2 | G318: lavitsamson@hotmail.com | H318: Attempted | I318: 86
A319: Backend LLD and Development 4: Neovarsity Contest | B319: 946275 | C319: 45448.292 | D319: 45503.292 | E319: Backend LLD and Development 4 | F319: Backend lld and development 4: contest | G319: rakeshmani35@gmail.com | H319: Not Attempted
A320: Back-end Development Contest: Neovarsity | B320: 914860 | C320: 45411.292 | D320: 45503.354 | E320: Back-end Development | F320: Back-end Development- NV Contests Q2 | G320: ifs.piyushmishra1991@gmail.com | H320: Not Attempted
A321: Introduction to Problem Solving (Intermediate) 2-Neovarsity contest | B321: 914412 | C321: 45411.292 | D321: 45472.354 | E321: Introduction to Problem Solving (Intermediate) 2 | F321: Introduction to Problem Solving (Intermediate) 2- NV Contests Q2 | G321: jvandco30@outlook.com | H321: Not Attempted
A322: Advanced DSA 4- Neovarsity | B322: 914349 | C322: 45411.292 | D322: 45471.354 | E322: Advanced DSA 4 | F322: Advanced DSA 4- NV Contests Q2 | G322: jvandco30@outlook.com | H322: Not Attempted
A323: Backend LLD and Development 1-Neovarsity | B323: 914360 | C323: 45411.292 | D323: 45472.375 | E323: Backend LLD and Development 1 | F323: Backend LLD and Development 1- NV Contests Q2 | G323: jvandco30@outlook.com | H323: Not Attempted
A324: Computer Systems and Fundamentals- Neovarsity | B324: 914389 | C324: 45411.292 | D324: 45471.375 | E324: Computer Systems and Fundamentals | F324: Computer Systems and Fundamentals- NV Contests Q2 | G324: jvandco30@outlook.com | H324: Not Attempted
A325: Databases & SQL -Neovarsity | B325: 914437 | C325: 45411.292 | D325: 45471.354 | E325: Databases & SQL | F325: Databases & SQL- NV Contests Q2 | G325: kuchipudisaiphaneendra@gmail.com | H325: Not Attempted
A326: Backend LLD and Development 2- Neovarsity contest | B326: 914419 | C326: 45411.292 | D326: 45471.354 | E326: Backend LLD and Development 2 | F326: Backend LLD and Development 2- NV Contests Q2 | G326: kuchipudisaiphaneendra@gmail.com | H326: Not Attempted
...

Sheet DSML
A1: Module names and contest names | B1: Test ids | C1: Start Date | D1: End date | E1: Extended date 1 | F1: Extended date 2 | G1: Extended date 3 | H1: Total Learners | I1: Not attempted | J1: Learners Attempted | K1: Paased learners | L1: Failed Learners | M1: Attempt(%)
A2: Maths for ML | B2: =VLOOKUP(A2,dsml_contest_id!A:B,2,0) | C2: =VLOOKUP(B2,'DSML Raw dump_25June'!B:I,2,0) | D2: =VLOOKUP(B2,'DSML Raw dump_25June'!B:I,3,0) | H2: =J2+I2 | I2: =countifs('DSML Raw dump_25June'!H:H,"Not Attempted",'DSML Raw dump_25June'!E:E, A2) | J2: =COUNTIFS('DSML Raw dump_25June'!H:H,"Attempted",'DSML Raw dump_25June'!E:E, A2) | K2: =COUNTIFS('DSML Raw dump_25June'!I:I,">=70",'DSML Raw dump_25June'!E:E,A2) | L2: =J2-K2 | M2: =J2/H2
A3: Introduction to Problem Solving (Intermediate) 2 | B3: =VLOOKUP(A3,dsml_contest_id!A:B,2,0) | C3: =VLOOKUP(B3,'DSML Raw dump_25June'!B:I,2,0) | D3: =VLOOKUP(B3,'DSML Raw dump_25June'!B:I,3,0) | H3: =J3+I3 | I3: =countifs('DSML Raw dump_25June'!H:H,"Not Attempted",'DSML Raw dump_25June'!E:E, A3) | J3: =COUNTIFS('DSML Raw dump_25June'!H:H,"Attempted",'DSML Raw dump_25June'!E:E, A3) | K3: =COUNTIFS('DSML Raw dump_25June'!I:I,">=70",'DSML Raw dump_25June'!E:E,A3) | L3: =J3-K3 | M3: =J3/H3
A4: MLOps | B4: =VLOOKUP(A4,dsml_contest_id!A:B,2,0) | C4: =VLOOKUP(B4,'DSML Raw dump_25June'!B:I,2,0) | D4: =VLOOKUP(B4,'DSML Raw dump_25June'!B:I,3,0) | H4: =J4+I4 | I4: =countifs('DSML Raw dump_25June'!H:H,"Not Attempted",'DSML Raw dump_25June'!E:E, A4) | J4: =COUNTIFS('DSML Raw dump_25June'!H:H,"Attempted",'DSML Raw dump_25June'!E:E, A4) | K4: =COUNTIFS('DSML Raw dump_25June'!I:I,">=70",'DSML Raw dump_25June'!E:E,A4) | L4: =J4-K4 | M4: =J4/H4
A5: Common Core Maths | B5: =VLOOKUP(A5,dsml_contest_id!A:B,2,0) | C5: =VLOOKUP(B5,'DSML Raw dump_25June'!B:I,2,0) | D5: =VLOOKUP(B5,'DSML Raw dump_25June'!B:I,3,0) | H5: =J5+I5 | I5: =countifs('DSML Raw dump_25June'!H:H,"Not Attempted",'DSML Raw dump_25June'!E:E, A5) | J5: =COUNTIFS('DSML Raw dump_25June'!H:H,"Attempted",'DSML Raw dump_25June'!E:E, A5) | K5: =COUNTIFS('DSML Raw dump_25June'!I:I,">=70",'DSML Raw dump_25June'!E:E,A5) | L5: =J5-K5 | M5: =J5/H5
A6: Common Core Tools | B6: =VLOOKUP(A6,dsml_contest_id!A:B,2,0) | C6: =VLOOKUP(B6,'DSML Raw dump_25June'!B:I,2,0) | D6: =VLOOKUP(B6,'DSML Raw dump_25June'!B:I,3,0) | H6: =J6+I6 | I6: =countifs('DSML Raw dump_25June'!H:H,"Not Attempted",'DSML Raw dump_25June'!E:E, A6) | J6: =COUNTIFS('DSML Raw dump_25June'!H:H,"Attempted",'DSML Raw dump_25June'!E:E, A6) | K6: =COUNTIFS('DSML Raw dump_25June'!I:I,">=70",'DSML Raw dump_25June'!E:E,A6) | L6: =J6-K6 | M6: =J6/H6
A7: Classical ML 1 | B7: =VLOOKUP(A7,dsml_contest_id!A:B,2,0) | C7: =VLOOKUP(B7,'DSML Raw dump_25June'!B:I,2,0) | D7: =VLOOKUP(B7,'DSML Raw dump_25June'!B:I,3,0) | H7: =J7+I7 | I7: =countifs('DSML Raw dump_25June'!H:H,"Not Attempted",'DSML Raw dump_25June'!E:E, A7) | J7: =COUNTIFS('DSML Raw dump_25June'!H:H,"Attempted",'DSML Raw dump_25June'!E:E, A7) | K7: =COUNTIFS('DSML Raw dump_25June'!I:I,">=70",'DSML Raw dump_25June'!E:E,A7) | L7: =J7-K7 | M7: =J7/H7
A8: ML : Adv Supervised Algorithms | B8: =VLOOKUP(A8,dsml_contest_id!A:B,2,0) | C8: =VLOOKUP(B8,'DSML Raw dump_25June'!B:I,2,0) | D8: =VLOOKUP(B8,'DSML Raw dump_25June'!B:I,3,0) | H8: =J8+I8 | I8: =countifs('DSML Raw dump_25June'!H:H,"Not Attempted",'DSML Raw dump_25June'!E:E, A8) | J8: =COUNTIFS('DSML Raw dump_25June'!H:H,"Attempted",'DSML Raw dump_25June'!E:E, A8) | K8: =COUNTIFS('DSML Raw dump_25June'!I:I,">=70",'DSML Raw dump_25June'!E:E,A8) | L8: =J8-K8 | M8: =J8/H8
A9: Common Core Foundations | B9: =VLOOKUP(A9,dsml_contest_id!A:B,2,0) | C9: =VLOOKUP(B9,'DSML Raw dump_25June'!B:I,2,0) | D9: =VLOOKUP(B9,'DSML Raw dump_25June'!B:I,3,0) | H9: =J9+I9 | I9: =countifs('DSML Raw dump_25June'!H:H,"Not Attempted",'DSML Raw dump_25June'!E:E, A9) | J9: =COUNTIFS('DSML Raw dump_25June'!H:H,"Attempted",'DSML Raw dump_25June'!E:E, A9) | K9: =COUNTIFS('DSML Raw dump_25June'!I:I,">=70",'DSML Raw dump_25June'!E:E,A9) | L9: =J9-K9 | M9: =J9/H9
A10: Natural Language Processing | B10: =VLOOKUP(A10,dsml_contest_id!A:B,2,0) | C10: =VLOOKUP(B10,'DSML Raw dump_25June'!B:I,2,0) | D10: =VLOOKUP(B10,'DSML Raw dump_25June'!B:I,3,0) | H10: =J10+I10 | I10: =countifs('DSML Raw dump_25June'!H:H,"Not Attempted",'DSML Raw dump_25June'!E:E, A10) | J10: =COUNTIFS('DSML Raw dump_25June'!H:H,"Attempted",'DSML Raw dump_25June'!E:E, A10) | K10: =COUNTIFS('DSML Raw dump_25June'!I:I,">=70",'DSML Raw dump_25June'!E:E,A10) | L10: =J10-K10 | M10: =J10/H10
A11: Introduction to Programming (Beginner) 2 | B11: =VLOOKUP(A11,dsml_contest_id!A:B,2,0) | C11: =VLOOKUP(B11,'DSML Raw dump_25June'!B:I,2,0) | D11: =VLOOKUP(B11,'DSML Raw dump_25June'!B:I,3,0) | H11: =J11+I11 | I11: =countifs('DSML Raw dump_25June'!H:H,"Not Attempted",'DSML Raw dump_25June'!E:E, A11) | J11: =COUNTIFS('DSML Raw dump_25June'!H:H,"Attempted",'DSML Raw dump_25June'!E:E, A11) | K11: =COUNTIFS('DSML Raw dump_25June'!I:I,">=70",'DSML Raw dump_25June'!E:E,A11) | L11: =J11-K11 | M11: =J11/H11
A12: Intro to ML and NN | B12: =VLOOKUP(A12,dsml_contest_id!A:B,2,0) | C12: =VLOOKUP(B12,'DSML Raw dump_25June'!B:I,2,0) | D12: =VLOOKUP(B12,'DSML Raw dump_25June'!B:I,3,0) | H12: =J12+I12 | I12: =countifs('DSML Raw dump_25June'!H:H,"Not Attempted",'DSML Raw dump_25June'!E:E, A12) | J12: =COUNTIFS('DSML Raw dump_25June'!H:H,"Attempted",'DSML Raw dump_25June'!E:E, A12) | K12: =COUNTIFS('DSML Raw dump_25June'!I:I,">=70",'DSML Raw dump_25June'!E:E,A12) | L12: =J12-K12 | M12: =J12/H12
A13: Computer Vision | B13: =VLOOKUP(A13,dsml_contest_id!A:B,2,0) | C13: =VLOOKUP(B13,'DSML Raw dump_25June'!B:I,2,0) | D13: =VLOOKUP(B13,'DSML Raw dump_25June'!B:I,3,0) | H13: =J13+I13 | I13: =countifs('DSML Raw dump_25June'!H:H,"Not Attempted",'DSML Raw dump_25June'!E:E, A13) | J13: =COUNTIFS('DSML Raw dump_25June'!H:H,"Attempted",'DSML Raw dump_25June'!E:E, A13) | K13: =COUNTIFS('DSML Raw dump_25June'!I:I,">=70",'DSML Raw dump_25June'!E:E,A13) | L13: =J13-K13 | M13: =J13/H13
... A28: Data Analytics and Visualisation - Python Libraries | B28: =VLOOKUP(A28,dsml_contest_id!A:B,2,0) | C28: =VLOOKUP(B28,'DSML Raw dump_25June'!B:I,2,0) | D28: =VLOOKUP(B28,'DSML Raw dump_25June'!B:I,3,0) | H28: =J28+I28 | I28: =countifs('DSML Raw dump_25June'!H:H,"Not Attempted",'DSML Raw dump_25June'!E:E, A28) | J28: =COUNTIFS('DSML Raw dump_25June'!H:H,"Attempted",'DSML Raw dump_25June'!E:E, A28) | K28: =COUNTIFS('DSML Raw dump_25June'!I:I,">=70",'DSML Raw dump_25June'!E:E,A28) | L28: =J28-K28 | M28: =J28/H28

Sheet Sheet76
A2: Module names | B2: Contest name | C2: Dates
A3: Computer Systems and Fundamentals | B3: Computer Systems and Fundamentals- Neovarsity | C3: 44960
A4: LLD: Practical Software Engineering and Design | B4: LLD: Practical Software Engineering and Design- Neovarsity | C4: 44960
A5: LLD: Object Oriented Design and Analysis | B5: LLD: Object Oriented Design and Analysis- Neovarsity | C5: 44960
A6: High Level Design | B6: High Level Design-Neovarsity | C6: 44960
A7: Front-end Development | B7: Front-end Development- Neovarsity | C7: 44960
A8: Product Management for Software Engineers | B8: Product Management for Software Engineers- Neovarsity | C8: 44964
A9: Data Engineering | B9: Data Engineering | C9: 44962
A10: Introduction to Problem Solving (Intermediate) 2 | B10: Introduction to Problem Solving (Intermediate) 2- Neovarsity | C10: 44966
A11: Introduction to Programming (Beginner) 2 | B11: Introduction to Programming (Beginner) 2- Neovarsity | C11: 44966

Sheet DSML contest not attempted list
A1: contest_name | B1: contest_id | C1: contest_start_time | D1: contest_end_time | E1: module_name | F1: super_batch_name | G1: learner_email | H1: attempt_status
A2: Neovarsity Test: Classical ML 1 (Oct'23) | B2: 727885 | C2: 45209.292 | D2: 45301.999 | E2: Classical ML 1 | F2: Classical ML 1- Neovarsity contests | G2: gargisaha.1996@gmail.com | H2: Not Attempted
A3: DSML Neovarsity Module Test: Data Analytics and Visualisation - Python Libraries (Oct'23) | B3: 731230 | C3: 45219.292 | D3: 45311.999 | E3: Data Analytics and Visualisation - Python Libraries | F3: Data Analytics and Visualisation - Python Libraries- Neovarsity Contests | G3: iamashutoshofficial@gmail.com | H3: Not Attempted
A4: Neovarsity Test: Computer Vision (Oct'23) | B4: 727893 | C4: 45209.292 | D4: 45301.999 | E4: Computer Vision | F4: Computer Vision- Neovarsity Contests | G4: praneethnk08@gmail.com | H4: Not Attempted
A5: Neovarsity Test: Advanced SQL (Oct'23) | B5: 727903 | C5: 45209.292 | D5: 45301.999 | E5: Advanced SQL | F5: Advanced SQL- Neovarsity contests | G5: praneethnk08@gmail.com | H5: Not Attempted
A6: DSML Neovarsity Module Test: Beginner Python 2 (Oct'23) | B6: 731225 | C6: 45219.292 | D6: 45311.999 | E6: Beginner Python 2 | F6: Beginner Python 2- Neovarsity Contests | G6: justt.a.leaf@gmail.com | H6: Not Attempted
A7: DSML Neovarsity Module Test: Tableau and Excel (Oct'23) | B7: 731218 | C7: 45219.292 | D7: 45311.999 | E7: Tableau and Excel | F7: Tableau and Excel- Neovarsity Contests | G7: justt.a.leaf@gmail.com | H7: Not Attempted
A8: DSML Neovarsity Module Test: Product Analytics (Oct'23) | B8: 731243 | C8: 45219.292 | D8: 45311.999 | E8: Product Analytics | F8: Product Analytics- Neovarsity contests | G8: abdulateeqsk@gmail.com | H8: Not Attempted
A9: Neovarsity Test: Common Core Foundations (Oct'23) | B9: 727869 | C9: 45209.292 | D9: 45301.999 | E9: Common Core Foundations | F9: Common Core Foundations- Neovarsity contests | G9: abdulateeqsk@gmail.com | H9: Not Attempted
A10: DSML Neovarsity Module Test: Tableau and Excel (Oct'23) | B10: 731218 | C10: 45219.292 | D10: 45311.999 | E10: Tableau and Excel | F10: Tableau and Excel- Neovarsity Contests | G10: kamalsingh246@gmail.com | H10: Not Attempted
A11: DSML Neovarsity Module Test: ML : Unsupervised and RecSys (Oct'23) | B11: 731261 | C11: 45219.292 | D11: 45311.999 | E11: ML : Unsupervised and RecSys | F11: ML : Unsupervised and RecSys- Neovarsity Contests | G11: kamalsingh246@gmail.com | H11: Not Attempted
A12: DSML Neovarsity Module Test: Tableau and Excel (Oct'23) | B12: 731218 | C12: 45219.292 | D12: 45311.999 | E12: Tableau and Excel | F12: Tableau and Excel- Neovarsity Contests | G12: mdraveen@gmail.com | H12: Not Attempted
A13: DSML Neovarsity Module Test: Beginner Python 1 (Oct'23) | B13: 731224 | C13: 45219.292 | D13: 45311.999 | E13: Beginner Python 1 | F13: Beginner Python 1- Novarsity contests | G13: abhiyadav12397@gmail.com | H13: Not Attempted
... A6138: DSML Neovarsity Module Test: DAV - Probability and Stats (Oct'23) | B6138: 731233 | C6138: 45219.292 | D6138: 45311.999 | E6138: Data Analytics and Visualisation - Probability and Stats | F6138: Data Analytics and Visualisation - Probability and Stats- Neovarsity contests | G6138: jainneha58@yahoo.com | H6138: Not Attempted

Sheet Academy contest not attempted l
A1: contest_name | B1: contest_id | C1: contest_start_time | D1: contest_end_time | E1: module_name | F1: super_batch_name | G1: learner_email | H1: attempt_status
A2: Beginner Degree Evaluation Exam | B2: 683103 | C2: 45166.292 | D2: 45260.999 | E2: Introduction to Programming (Beginner) 1 | F2: Beginner module end exam - Neovarsity | G2: amt.wdh@gmail.com | H2: Not Attempted
A3: Beginner Degree Evaluation Exam | B3: 683103 | C3: 45166.292 | D3: 45260.999 | E3: Introduction to Programming (Beginner) 1 | F3: Beginner module end exam - Neovarsity | G3: basusd121999@gmail.com | H3: Not Attempted
A4: Introduction to Programming (Beginner) 2- Neovarsity | B4: 727110 | C4: 45208.312 | D4: 45300.312 | E4: Introduction to Programming (Beginner) 2 | F4: Introduction to Programming (Beginner) 2- NC | G4: durgapmenon@gmail.com | H4: Not Attempted
A5: LLD: Object Oriented Design and Analysis- Neovarsity | B5: 716636 | C5: 45202.292 | D5: 45294.292 | E5: LLD: Object Oriented Design and Analysis | F5: LLD: Object Oriented Design and Analysis- Neovarsity masters | G5: vikas.madhupmani@gmail.com | H5: Not Attempted
A6: Beginner Degree Evaluation Exam | B6: 683103 | C6: 45166.292 | D6: 45260.999 | E6: Introduction to Programming (Beginner) 1 | F6: Beginner module end exam - Neovarsity | G6: vikas.madhupmani@gmail.com | H6: Not Attempted
A7: Introduction to Programming (Beginner) 2- Neovarsity | B7: 727110 | C7: 45208.312 | D7: 45300.312 | E7: Introduction to Programming (Beginner) 2 | F7: Introduction to Programming (Beginner) 2- NC | G7: vikas.madhupmani@gmail.com | H7: Not Attempted
A8: Front-end Development- Neovarsity | B8: 719700 | C8: 45202.875 | D8: 45294.875 | E8: Front-end Development | F8: Front-end Development- Neovarsity masters | G8: vikas.madhupmani@gmail.com | H8: Not Attempted
A9: Computer Systems and Fundamentals- Neovarsity | B9: 716621 | C9: 45202.292 | D9: 45294.292 | E9: Computer Systems and Fundamentals | F9: Computer Systems and Fundamentals- Neovarsity Masters | G9: samruddhashah@gmail.com | H9: Not Attempted
A10: Front-end Development- Neovarsity | B10: 719700 | C10: 45202.875 | D10: 45294.875 | E10: Front-end Development | F10: Front-end Development- Neovarsity masters | G10: samruddhashah@gmail.com | H10: Not Attempted
A11: LLD: Practical Software Engineering and Design- Neovarsity | B11: 716627 | C11: 45202.292 | D11: 45294.292 | E11: LLD: Practical Software Engineering and Design | F11: LLD: Practical Software Engineering and Design- Neovarsity masters | G11: samruddhashah@gmail.com | H11: Not Attempted
A12: Front-end Development- Neovarsity | B12: 719700 | C12: 45202.875 | D12: 45294.875 | E12: Front-end Development | F12: Front-end Development- Neovarsity masters | G12: sushil.sridhar.sh@gmail.com | H12: Not Attempted
A13: LLD: Object Oriented Design and Analysis- Neovarsity | B13: 716636 | C13: 45202.292 | D13: 45294.292 | E13: LLD: Object Oriented Design and Analysis | F13: LLD: Object Oriented Design and Analysis- Neovarsity masters | G13: sushil.sridhar.sh@gmail.com | H13: Not Attempted
... A2529: Beginner Degree Evaluation Exam | B2529: 683103 | C2529: 45166.292 | D2529: 45260.999 | E2529: Introduction to Programming (Beginner) 1 | F2529: Beginner module end exam - Neovarsity | G2529: mhraza95@gmail.com | H2529: Not Attempted

Sheet DSML Raw dump_25June
A1: contest_name | B1: contest_id | C1: contest_start_time | D1: contest_end_time | E1: module_name | F1: super_batch_name | G1: learner_email | H1: attempt_status | I1: learner_score
A2: DSML Module Test: Natural Language Processing | B2: 923379 | C2: 45418.75 | D2: 45466.999 | E2: Natural Language Processing | F2: Natural Language Processing Neovarsity Reattempt | G2: praneethnk08@gmail.com | H2: Not Attempted
A3: DSML Module Test: Tableau and Excel | B3: 923378 | C3: 45418.75 | D3: 45466.999 | E3: Tableau and Excel | F3: Tableau and Excel Neovarsity Reattempt | G3: praneethnk08@gmail.com | H3: Not Attempted
A4: Neovarsity Test: Introduction to Problem Solving (Intermediate) 1 | B4: 923411 | C4: 45418.75 | D4: 45494.999 | E4: Introduction to Problem Solving (Intermediate) 1 | F4: Introduction to Problem Solving (Intermediate) 1 Neovarsity Reattempt | G4: praneethnk08@gmail.com | H4: Not Attempted
A5: DSML Module Test: Tableau and Excel | B5: 923378 | C5: 45418.75 | D5: 45466.999 | E5: Tableau and Excel | F5: Tableau and Excel Neovarsity Reattempt | G5: kedar.bisoi36@gmail.com | H5: Not Attempted
A6: Neovarsity Test: Classical ML 1 (Oct'23) | B6: 923407 | C6: 45418.75 | D6: 45494.999 | E6: Classical ML 1 | F6: Classical ML 1 Neovarsity Reattempt | G6: catchchndr@gmail.com | H6: Not Attempted
A7: DSML Module Test Reattempt: Common Core Maths | B7: 923420 | C7: 45418.75 | D7: 45494.999 | E7: Common Core Maths | F7: Common Core Maths Neovarsity Reattempt | G7: narayananng@gmail.com | H7: Not Attempted
A8: DSML Module Test Reattempt: Common Core Tools | B8: 923404 | C8: 45418.75 | D8: 45494.999 | E8: Common Core Tools | F8: Common Core Tools Neovarsity Reattempt | G8: narayananng@gmail.com | H8: Not Attempted
A9: DSML Module Test: Maths for ML | B9: 923384 | C9: 45418.75 | D9: 45466.999 | E9: Maths for ML | F9: Maths for ML Neovarsity Reattempt | G9: vanihavisha@gmail.com | H9: Not Attempted
A10: DSML Module Test: Product Analytics | B10: 923394 | C10: 45418.75 | D10: 45466.999 | E10: Product Analytics | F10: Product Analytics Neovarsity Reattempt | G10: jagadish.jcp@gmail.com | H10: Not Attempted
A11: Neovarsity Test: Introduction to Problem Solving (Intermediate) 1 | B11: 923411 | C11: 45418.75 | D11: 45494.999 | E11: Introduction to Problem Solving (Intermediate) 1 | F11: Introduction to Problem Solving (Intermediate) 1 Neovarsity Reattempt | G11: jagadish.jcp@gmail.com | H11: Not Attempted
A12: DSML Module Test: MLOps | B12: 923391 | C12: 45418.75 | D12: 45466.999 | E12: MLOps | F12: MLOps Neovarsity Reattempt | G12: jagadish.jcp@gmail.com | H12: Not Attempted
A13: DSML Module Test Reattempt: Common Core Foundations | B13: 923413 | C13: 45418.75 | D13: 45494.999 | E13: Common Core Foundations | F13: Common Core Foundations Neovarsity Reattempt | G13: kamalsingh246@gmail.com | H13: Not Attempted
... A79: DSML Module Test Reattempt: Common Core Tools | B79: 923404 | C79: 45418.75 | D79: 45494.999 | E79: Common Core Tools | F79: Common Core Tools Neovarsity Reattempt | G79: nischaysabharwal1@gmail.com | H79: Not Attempted
A80: DSML Module Test: Data Analytics and Visualisation - Fundamentals | B80: 936560 | C80: 45437.75 | D80: 45621.999 | E80: Data Analytics and Visualisation - Fundamentals | F80: DAV Fundamentals Neovarsity Reattempt | G80: preethijazzy2000@gmail.com | H80: Attempted | I80: 90.415
A81: DSML Module Test: MLOps | B81: 923391 | C81: 45418.75 | D81: 45466.999 | E81: MLOps | F81: MLOps Neovarsity Reattempt | G81: sujithkumaars32@gmail.com | H81: Not Attempted
A82: DSML Module Test: ML 1.2 : Adv Supervised Algorithms | B82: 923388 | C82: 45418.75 | D82: 45466.999 | E82: ML : Adv Supervised Algorithms | F82: ML : Adv Supervised Algorithms Neovarsity Reattempt | G82: skasifahmeda1@gmail.com | H82: Not Attempted
A83: DSML Common Core Fundamentals Module Test Reattempt | B83: 923402 | C83: 45418.75 | D83: 45494.999 | E83: Common Core Fundamentals | F83: Common Core Fundamentals Neovarsity Reattempt | G83: skasifahmeda1@gmail.com | H83: Not Attempted
A84: Neovarsity Test: Classical ML 1 (Oct'23) | B84: 923407 | C84: 45418.75 | D84: 45494.999 | E84: Classical ML 1 | F84: Classical ML 1 Neovarsity Reattempt | G84: skasifahmeda1@gmail.com | H84: Not Attempted
A85: DSML Module Test: Maths for ML | B85: 923384 | C85: 45418.75 | D85: 45466.999 | E85: Maths for ML | F85: Maths for ML Neovarsity Reattempt | G85: shiwangipandey5@gmail.com | H85: Not Attempted
A86: DSML Module Test Reattempt: Common Core Tools | B86: 923404 | C86: 45418.75 | D86: 45494.999 | E86: Common Core Tools | F86: Common Core Tools Neovarsity Reattempt | G86: shiwangipandey5@gmail.com | H86: Not Attempted
A87: Neovarsity Test: Introduction to Programming (Beginner) 1 | B87: 923424 | C87: 45418.75 | D87: 45418.833 | E87: Introduction to Programming (Beginner) 1 | F87: Introduction to Programming (Beginner) 1 Neovarsity Reattempt | G87: akashram717@gmail.com | H87: Not Attempted
A88: DSML Module Test: Natural Language Processing | B88: 923379 | C88: 45418.75 | D88: 45466.999 | E88: Natural Language Processing | F88: Natural Language Processing Neovarsity Reattempt | G88: charanbirdi@gmail.com | H88: Not Attempted
A89: DSML Module Test: MLOps | B89: 923391 | C89: 45418.75 | D89: 45466.999 | E89: MLOps | F89: MLOps Neovarsity Reattempt | G89: charanbirdi@gmail.com | H89: Not Attempted
A90: DSML Module Test: Maths for ML | B90: 923384 | C90: 45418.75 | D90: 45466.999 | E90: Maths for ML | F90: Maths for ML Neovarsity Reattempt | G90: faruk140660@gmail.com | H90: Attempted | I90: 90.909
A91: DSML Module Test Reattempt: Introduction to Programming (Beginner) 2 | B91: 923417 | C91: 45418.75 | D91: 45494.999 | E91: Introduction to Programming (Beginner) 2 | F91: Introduction to Programming (Beginner) 2 Neovarsity Reattempt | G91: dube.amit15@gmail.com | H91: Not Attempted
A92: DSML Module Test: Product Analytics | B92: 923394 | C92: 45418.75 | D92: 45466.999 | E92: Product Analytics | F92: Product Analytics Neovarsity Reattempt | G92: dube.amit15@gmail.com | H92: Attempted | I92: 100
A93: DSML Module Test Reattempt: Classical ML2 | B93: 923422 | C93: 45418.75 | D93: 45494.999 | E93: Classical ML 2 | F93: Classical ML 2 Neovarsity Reattempt | G93: dube.amit15@gmail.com | H93: Attempted | I93: 90.323
A94: DSML Module Test Reattempt: Common Core Tools | B94: 923404 | C94: 45418.75 | D94: 45494.999 | E94: Common Core Tools | F94: Common Core Tools Neovarsity Reattempt | G94: dube.amit15@gmail.com | H94: Attempted | I94: 100
A95: DSML Module Test Reattempt: Classical ML2 | B95: 923422 | C95: 45418.75 | D95: 45494.999 | E95: Classical ML 2 | F95: Classical ML 2 Neovarsity Reattempt | G95: nareshgupt1992@gmail.com | H95: Not Attempted
A96: DSML Module Test Reattempt: Common Core Foundations | B96: 923413 | C96: 45418.75 | D96: 45494.999 | E96: Common Core Foundations | F96: Common Core Foundations Neovarsity Reattempt | G96: nareshgupt1992@gmail.com | H96: Not Attempted
A97: Neovarsity Test: Classical ML 1 (Oct'23) | B97: 923407 | C97: 45418.75 | D97: 45494.999 | E97: Classical ML 1 | F97: Classical ML 1 Neovarsity Reattempt | G97: shubhamkedia6@gmail.com | H97: Not Attempted
A98: DSML Module Test: Intro to ML and NN | B98: 923382 | C98: 45418.75 | D98: 45466.999 | E98: Intro to ML and NN | F98: Intro to ML and NN Neovarsity Reattempt | G98: shubhamkedia6@gmail.com | H98: Attempted | I98: 71.429
A99: DSML Module Test: Data Analytics and Visualisation - Fundamentals | B99: 936560 | C99: 45437.75 | D99: 45621.999 | E99: Data Analytics and Visualisation - Fundamentals | F99: DAV Fundamentals Neovarsity Reattempt | G99: shubhamkedia6@gmail.com | H99: Attempted | I99: 90.415
A100: DSML Module Test Reattempt: Common Core Tools | B100: 923404 | C100: 45418.75 | D100: 45494.999 | E100: Common Core Tools | F100: Common Core Tools Neovarsity Reattempt | G100: shubhamkedia6@gmail.com | H100: Attempted | I100: 59.259
A101: DSML Module Test Reattempt: Classical ML2 | B101: 923422 | C101: 45418.75 | D101: 45494.999 | E101: Classical ML 2 | F101: Classical ML 2 Neovarsity Reattempt | G101: sozhan.varman@gmail.com | H101: Not Attempted
A102: Neovarsity Test: Classical ML 1 (Oct'23) | B102: 923407 | C102: 45418.75 | D102: 45494.999 | E102: Classical ML 1 | F102: Classical ML 1 Neovarsity Reattempt | G102: sozhan.varman@gmail.com | H102: Not Attempted
A103: DSML Module Test: Maths for ML | B103: 923384 | C103: 45418.75 | D103: 45466.999 | E103: Maths for ML | F103: Maths for ML Neovarsity Reattempt | G103: ishivamtiwari707@gmail.com | H103: Attempted | I103: 81.818
A104: DSML Module Test: Neural Networks | B104: 923387 | C104: 45418.75 | D104: 45466.999 | E104: Neural Networks | F104: Neural Networks Neovarsity Reattempt | G104: ishivamtiwari707@gmail.com | H104: Attempted | I104: 47.644
A105: DSML Module Test Reattempt: Common Core Maths | B105: 923420 | C105: 45418.75 | D105: 45494.999 | E105: Common Core Maths | F105: Common Core Maths Neovarsity Reattempt | G105: ishivamtiwari707@gmail.com | H105: Attempted | I105: 100
A106: DSML Module Test Reattempt: Common Core Foundations | B106: 923413 | C106: 45418.75 | D106: 45494.999 | E106: Common Core Foundations | F106: Common Core Foundations Neovarsity Reattempt | G106: ishivamtiwari707@gmail.com | H106: Attempted | I106: 51.351
A107: Neovarsity Test: Classical ML 1 (Oct'23) | B107: 923407 | C107: 45418.75 | D107: 45494.999 | E107: Classical ML 1 | F107: Classical ML 1 Neovarsity Reattempt | G107: g1.itolikar@gmail.com | H107: Not Attempted
A108: DSML Module Test: Computer Vision | B108: 923397 | C108: 45418.75 | D108: 45466.999 | E108: Computer Vision | F108: Computer Vision Neovarsity Reattempt | G108: himanshsachdeva5@gmail.com | H108: Not Attempted
A109: DSML Module Test: Product Analytics | B109: 923394 | C109: 45418.75 | D109: 45466.999 | E109: Product Analytics | F109: Product Analytics Neovarsity Reattempt | G109: learningccd7@gmail.com | H109: Not Attempted
A110: DSML Module Test: ML 1.2 : Adv Supervised Algorithms | B110: 923388 | C110: 45418.75 | D110: 45466.999 | E110: ML : Adv Supervised Algorithms | F110: ML : Adv Supervised Algorithms Neovarsity Reattempt | G110: darsh.badukle.che17@itbhu.ac.in | H110: Not Attempted
A111: DSML Module Test: Natural Language Processing | B111: 923379 | C111: 45418.75 | D111: 45466.999 | E111: Natural Language Processing | F111: Natural Language Processing Neovarsity Reattempt | G111: darsh.badukle.che17@itbhu.ac.in | H111: Not Attempted
A112: DSML Module Test: Intro to ML and NN | B112: 923382 | C112: 45418.75 | D112: 45466.999 | E112: Intro to ML and NN | F112: Intro to ML and NN Neovarsity Reattempt | G112: ayushnitk14@gmail.com | H112: Attempted | I112: 100
A113: DSML Module Test: Product Analytics | B113: 923394 | C113: 45418.75 | D113: 45466.999 | E113: Product Analytics | F113: Product Analytics Neovarsity Reattempt | G113: ayushnitk14@gmail.com | H113: Attempted | I113: 100
A114: DSML Module Test Reattempt: Common Core Foundations | B114: 923413 | C114: 45418.75 | D114: 45494.999 | E114: Common Core Foundations | F114: Common Core Foundations Neovarsity Reattempt | G114: kumarrjt9001@gmail.com | H114: Not Attempted
A115: DSML Module Test: Tableau and Excel | B115: 923378 | C115: 45418.75 | D115: 45466.999 | E115: Tableau and Excel | F115: Tableau and Excel Neovarsity Reattempt | G115: kumarrjt9001@gmail.com | H115: Not Attempted
A116: DSML Module Test Reattempt: Classical ML2 | B116: 923422 | C116: 45418.75 | D116: 45494.999 | E116: Classical ML 2 | F116: Classical ML 2 Neovarsity Reattempt | G116: kumarrjt9001@gmail.com | H116: Not Attempted
A117: Neovarsity Test: Introduction to Programming (Beginner) 1 | B117: 923424 | C117: 45418.75 | D117: 45418.833 | E117: Introduction to Programming (Beginner) 1 | F117: Introduction to Programming (Beginner) 1 Neovarsity Reattempt | G117: kumarrjt9001@gmail.com | H117: Not Attempted
A118: Neovarsity Test: Classical ML 1 (Oct'23) | B118: 923407 | C118: 45418.75 | D118: 45494.999 | E118: Classical ML 1 | F118: Classical ML 1 Neovarsity Reattempt | G118: anuragmohanta120@gmail.com | H118: Not Attempted
A119: DSML Module Test Reattempt: Classical ML2 | B119: 923422 | C119: 45418.75 | D119: 45494.999 | E119: Classical ML 2 | F119: Classical ML 2 Neovarsity Reattempt | G119: anuragmohanta120@gmail.com | H119: Not Attempted
A120: DSML Common Core Fundamentals Module Test Reattempt | B120: 923402 | C120: 45418.75 | D120: 45494.999 | E120: Common Core Fundamentals | F120: Common Core Fundamentals Neovarsity Reattempt | G120: iamprasad23@gmail.com | H120: Not Attempted
A121: DSML Module Test Reattempt: Introduction to Problem Solving (Intermediate) 2 | B121: 923412 | C121: 45418.75 | D121: 45494.999 | E121: Introduction to Problem Solving (Intermediate) 2 | F121: Introduction to Problem Solving (Intermediate) 2 Neovarsity Reattempt | G121: nischaysabharwal1@gmail.com | H121: Not Attempted
A122: DSML Module Test: Maths for ML | B122: 923384 | C122: 45418.75 | D122: 45466.999 | E122: Maths for ML | F122: Maths for ML Neovarsity Reattempt | G122: nischaysabharwal1@gmail.com | H122: Not Attempted
A123: DSML Module Test Reattempt: Common Core Tools | B123: 923404 | C123: 45418.75 | D123: 45494.999 | E123: Common Core Tools | F123: Common Core Tools Neovarsity Reattempt | G123: kanishkkumar3@gmail.com | H123: Not Attempted
A124: DSML Module Test: MLOps | B124: 923391 | C124: 45418.75 | D124: 45466.999 | E124: MLOps | F124: MLOps Neovarsity Reattempt | G124: kanishkkumar3@gmail.com | H124: Not Attempted
A125: DSML Module Test Reattempt: Common Core Maths | B125: 923420 | C125: 45418.75 | D125: 45494.999 | E125: Common Core Maths | F125: Common Core Maths Neovarsity Reattempt | G125: kanishkkumar3@gmail.com | H125: Not Attempted
... A130: DSML Module Test Reattempt: Common Core Maths | B130: 923420 | C130: 45418.75 | D130: 45494.999 | E130: Common Core Maths | F130: Common Core Maths Neovarsity Reattempt | G130: srinjoybose3@gmail.com | H130: Not Attempted
A131: DSML Module Test: Product Analytics | B131: 923394 | C131: 45418.75 | D131: 45466.999 | E131: Product Analytics | F131: Product Analytics Neovarsity Reattempt | G131: preethijazzy2000@gmail.com | H131: Attempted | I131: 85
A132: DSML Module Test: Computer Vision | B132: 923397 | C132: 45418.75 | D132: 45466.999 | E132: Computer Vision | F132: Computer Vision Neovarsity Reattempt | G132: sujithkumaars32@gmail.com | H132: Not Attempted
A133: DSML Module Test Reattempt: Common Core Foundations | B133: 923413 | C133: 45418.75 | D133: 45494.999 | E133: Common Core Foundations | F133: Common Core Foundations Neovarsity Reattempt | G133: skasifahmeda1@gmail.com | H133: Not Attempted
A134: DSML Module Test Reattempt: Common Core Foundations | B134: 923413 | C134: 45418.75 | D134: 45494.999 | E134: Common Core Foundations | F134: Common Core Foundations Neovarsity Reattempt | G134: shiwangipandey5@gmail.com | H134: Not Attempted
A135: DSML Module Test Reattempt: Classical ML2 | B135: 923422 | C135: 45418.75 | D135: 45494.999 | E135: Classical ML 2 | F135: Classical ML 2 Neovarsity Reattempt | G135: shiwangipandey5@gmail.com | H135: Not Attempted
A136: DSML Module Test Reattempt: Classical ML2 | B136: 923422 | C136: 45418.75 | D136: 45494.999 | E136: Classical ML 2 | F136: Classical ML 2 Neovarsity Reattempt | G136: prady.532@gmail.com | H136: Not Attempted
A137: DSML Module Test: MLOps | B137: 923391 | C137: 45418.75 | D137: 45466.999 | E137: MLOps | F137: MLOps Neovarsity Reattempt | G137: faruk140660@gmail.com | H137: Attempted | I137: 88.636
A138: DSML Module Test: ML 1.2 : Adv Supervised Algorithms | B138: 923388 | C138: 45418.75 | D138: 45466.999 | E138: ML : Adv Supervised Algorithms | F138: ML : Adv Supervised Algorithms Neovarsity Reattempt | G138: faruk140660@gmail.com | H138: Attempted | I138: 90.476
A139: DSML Module Test: ML1.1 : Supervised Algorithms | B139: 931224 | C139: 45429.75 | D139: 45501.999 | E139: ML : Supervised Algorithms | F139: ML : Supervised Algorithms Neovarsity Reattempt | G139: situ.wantsyou@gmail.com | H139: Not Attempted
A140: DSML Module Test: Maths for ML | B140: 923384 | C140: 45418.75 | D140: 45466.999 | E140: Maths for ML | F140: Maths for ML Neovarsity Reattempt | G140: dube.amit15@gmail.com | H140: Attempted | I140: 90.909
A141: DSML Common Core Fundamentals Module Test Reattempt | B141: 923402 | C141: 45418.75 | D141: 45494.999 | E141: Common Core Fundamentals | F141: Common Core Fundamentals Neovarsity Reattempt | G141: nareshgupt1992@gmail.com | H141: Not Attempted
A142: DSML Module Test: ML 1.2 : Adv Supervised Algorithms | B142: 923388 | C142: 45418.75 | D142: 45466.999 | E142: ML : Adv Supervised Algorithms | F142: ML : Adv Supervised Algorithms Neovarsity Reattempt | G142: nareshgupt1992@gmail.com | H142: Not Attempted
A143: Neovarsity Test: Introduction to Problem Solving (Intermediate) 1 | B143: 923411 | C143: 45418.75 | D143: 45494.999 | E143: Introduction to Problem Solving (Intermediate) 1 | F143: Introduction to Problem Solving (Intermediate) 1 Neovarsity Reattempt | G143: nareshgupt1992@gmail.com | H143: Attempted | I143: 100
A144: DSML Module Test: Tableau and Excel | B144: 923378 | C144: 45418.75 | D144: 45466.999 | E144: Tableau and Excel | F144: Tableau and Excel Neovarsity Reattempt | G144: nareshgupt1992@gmail.com | H144: Attempted | I144: 62.5
A145: DSML Module Test: Intro to ML and NN | B145: 923382 | C145: 45418.75 | D145: 45466.999 | E145: Intro to ML and NN | F145: Intro to ML and NN Neovarsity Reattempt | G145: nareshgupt1992@gmail.com | H145: Attempted | I145: 100
A146: DSML Module Test: Natural Language Processing | B146: 923379 | C146: 45418.75 | D146: 45466.999 | E146: Natural Language Processing | F146: Natural Language Processing Neovarsity Reattempt | G146: nareshgupt1992@gmail.com | H146: Attempted | I146: 80
A147: DSML Module Test: Neural Networks | B147: 923387 | C147: 45418.75 | D147: 45466.999 | E147: Neural Networks | F147: Neural Networks Neovarsity Reattempt | G147: shubhamkedia6@gmail.com | H147: Not Attempted
A148: DSML Module Test: Natural Language Processing | B148: 923379 | C148: 45418.75 | D148: 45466.999 | E148: Natural Language Processing | F148: Natural Language Processing Neovarsity Reattempt | G148: ghildiyalmohit@gmail.com | H148: Not Attempted
A149: DSML Module Test: Natural Language Processing | B149: 923379 | C149: 45418.75 | D149: 45466.999 | E149: Natural Language Processing | F149: Natural Language Processing Neovarsity Reattempt | G149: sozhan.varman@gmail.com | H149: Not Attempted
A150: Neovarsity Test: Introduction to Problem Solving (Intermediate) 1 | B150: 923411 | C150: 45418.75 | D150: 45494.999 | E150: Introduction to Problem Solving (Intermediate) 1 | F150: Introduction to Problem Solving (Intermediate) 1 Neovarsity Reattempt | G150: sozhan.varman@gmail.com | H150: Not Attempted
A151: DSML Module Test Reattempt: Introduction to Problem Solving (Intermediate) 2 | B151: 923412 | C151: 45418.75 | D151: 45494.999 | E151: Introduction to Problem Solving (Intermediate) 2 | F151: Introduction to Problem Solving (Intermediate) 2 Neovarsity Reattempt | G151: ishivamtiwari707@gmail.com | H151: Attempted | I151: 71.429
A152: DSML Module Test: Neural Networks | B152: 923387 | C152: 45418.75 | D152: 45466.999 | E152: Neural Networks | F152: Neural Networks Neovarsity Reattempt | G152: g1.itolikar@gmail.com | H152: Not Attempted
A153: DSML Module Test: Natural Language Processing | B153: 923379 | C153: 45418.75 | D153: 45466.999 | E153: Natural Language Processing | F153: Natural Language Processing Neovarsity Reattempt | G153: g1.itolikar@gmail.com | H153: Not Attempted
A154: DSML Common Core Fundamentals Module Test Reattempt | B154: 923402 | C154: 45418.75 | D154: 45494.999 | E154: Common Core Fundamentals | F154: Common Core Fundamentals Neovarsity Reattempt | G154: himanshsachdeva5@gmail.com | H154: Not Attempted
A155: DSML Module Test Reattempt: Common Core Foundations | B155: 923413 | C155: 45418.75 | D155: 45494.999 | E155: Common Core Foundations | F155: Common Core Foundations Neovarsity Reattempt | G155: himanshsachdeva5@gmail.com | H155: Not Attempted
A156: Neovarsity Test: Classical ML 1 (Oct'23) | B156: 923407 | C156: 45418.75 | D156: 45494.999 | E156: Classical ML 1 | F156: Classical ML 1 Neovarsity Reattempt | G156: abby87_saifi@yahoo.co.in | H156: Not Attempted
A157: DSML Module Test Reattempt: Classical ML2 | B157: 923422 | C157: 45418.75 | D157: 45494.999 | E157: Classical ML 2 | F157: Classical ML 2 Neovarsity Reattempt | G157: learningccd7@gmail.com | H157: Not Attempted
A158: DSML Module Test: Maths for ML | B158: 923384 | C158: 45418.75 | D158: 45466.999 | E158: Maths for ML | F158: Maths for ML Neovarsity Reattempt | G158: learningccd7@gmail.com | H158: Not Attempted
A159: DSML Module Test: Computer Vision | B159: 923397 | C159: 45418.75 | D159: 45466.999 | E159: Computer Vision | F159: Computer Vision Neovarsity Reattempt | G159: learningccd7@gmail.com | H159: Not Attempted
A160: DSML Module Test: Intro to ML and NN | B160: 923382 | C160: 45418.75 | D160: 45466.999 | E160: Intro to ML and NN | F160: Intro to ML and NN Neovarsity Reattempt | G160: darsh.badukle.che17@itbhu.ac.in | H160: Not Attempted
A161: Neovarsity Test: Classical ML 1 (Oct'23) | B161: 923407 | C161: 45418.75 | D161: 45494.999 | E161: Classical ML 1 | F161: Classical ML 1 Neovarsity Reattempt | G161: praneethnk08@gmail.com | H161: Not Attempted
A162: DSML Module Test Reattempt: Classical ML2 | B162: 923422 | C162: 45418.75 | D162: 45494.999 | E162: Classical ML 2 | F162: Classical ML 2 Neovarsity Reattempt | G162: praneethnk08@gmail.com | H162: Not Attempted
A163: DSML Module Test Reattempt: Common Core Maths | B163: 923420 | C163: 45418.75 | D163: 45494.999 | E163: Common Core Maths | F163: Common Core Maths Neovarsity Reattempt | G163: kedar.bisoi36@gmail.com | H163: Not Attempted
... A255: Neovarsity Test: Introduction to Programming (Beginner) 1 | B255: 923424 | C255: 45418.75 | D255: 45418.833 | E255: Introduction to Programming (Beginner) 1 | F255: Introduction to Programming (Beginner) 1 Neovarsity Reattempt | G255: dube.amit15@gmail.com | H255: Not Attempted
A256: DSML Module Test: Computer Vision | B256: 923397 | C256: 45418.75 | D256: 45466.999 | E256: Computer Vision | F256: Computer Vision Neovarsity Reattempt | G256: nareshgupt1992@gmail.com | H256: Attempted | I256: 91.667
A257: DSML Module Test Reattempt: Common Core Maths | B257: 923420 | C257: 45418.75 | D257: 45494.999 | E257: Common Core Maths | F257: Common Core Maths Neovarsity Reattempt | G257: shubhamkedia6@gmail.com | H257: Not Attempted
A258: DSML Module Test Reattempt: Introduction to Problem Solving (Intermediate) 2 | B258: 923412 | C258: 45418.75 | D258: 45494.999 | E258: Introduction to Problem Solving (Intermediate) 2 | F258: Introduction to Problem Solving (Intermediate) 2 Neovarsity Reattempt | G258: shubhamkedia6@gmail.com | H258: Not Attempted
A259: DSML Module Test: MLOps | B259: 923391 | C259: 45418.75 | D259: 45466.999 | E259: MLOps | F259: MLOps Neovarsity Reattempt | G259: shubhamkedia6@gmail.com | H259: Not Attempted
A260: Neovarsity Test: Introduction to Problem Solving (Intermediate) 1 | B260: 923411 | C260: 45418.75 | D260: 45494.999 | E260: Introduction to Problem Solving (Intermediate) 1 | F260: Introduction to Problem Solving (Intermediate) 1 Neovarsity Reattempt | G260: shubhamkedia6@gmail.com | H260: Attempted | I260: 88.889
...

Sheet Sheet79
A1: =IFERROR(__xludf.DUMMYFUNCTION("IMPORTRANGE(""https://docs.google.com/spreadsheets/d/1xM5W6jJDSh1CayIeTEd74ta-FfzGuO1f5ZxU3A29DRI/edit#gid=1992378213"",""Contest_library!A1:Z100"")"),"#REF!")

Sheet dsml_contest_id
A1: module_name | B1: test_id
A2: Maths for ML | B2: 923384
A3: Introduction to Problem Solving (Intermediate) 2 | B3: 923412
A4: MLOps | B4: 923391
A5: Common Core Maths | B5: 923420
A6: Common Core Tools | B6: 923404
A7: Classical ML 1 | B7: 923407
A8: ML : Adv Supervised Algorithms | B8: 923388
A9: Common Core Foundations | B9: 923413
A10: Natural Language Processing | B10: 923379
A11: Introduction to Programming (Beginner) 2 | B11: 923417
A12: Intro to ML and NN | B12: 923382
A13: Computer Vision | B13: 923397
... A28: Data Analytics and Visualisation - Python Libraries | B28: 936556

Sheet Introduction to Programming (Be
A1: contest_name | B1: contest_id | C1: contest_start_time | D1: contest_end_time | E1: module_name | F1: super_batch_name | G1: learner_email | H1: attempt_status | I1: learner_score
A2: =IFERROR(__xludf.DUMMYFUNCTION("FILTER('Dsml Raw Dump'!A:I,'Dsml Raw Dump'!E:E=""Introduction to Programming (Beginner) 2"",'Dsml Raw Dump'!H:H=""Not Attempted"")"),"#REF!")
